id,title,vote_average,vote_count,release_date,runtime,backdrop_path,overview,popularity,poster_path,tagline,genres,trailer_key
565770,Blue Beetle,7.1,1023,2023-08-16,128,/1syW9SNna38rSl9fnXwc9fP7POW.jpg,"Recent college grad Jaime Reyes returns home full of aspirations for his future, only to find that home is not quite as he left it. As he searches to find his purpose in the world, fate intervenes when Jaime unexpectedly finds himself in possession of an ancient relic of alien biotechnology: the Scarab.",2994.4,/mXLOHHc1Zeuwsl4xYKjKh2280oL.jpg,Jaime Reyes is a superhero whether he likes it or not.,"Action, Science Fiction, Adventure",4wxyy8Rcz4k
980489,Gran Turismo,8.1,702,2023-08-09,135,/xFYpUmB01nswPgbzi8EOCT1ZYFu.jpg,The ultimate wish-fulfillment tale of a teenage Gran Turismo player whose gaming skills won him a series of Nissan competitions to become an actual professional racecar driver.,2680.6,/51tqzRtKMMZEYUpSYkrUE7v9ehm.jpg,From gamer to racer.,"Action, Drama, Adventure",ZCYHn8mvyF8
968051,The Nun II,6.5,365,2023-09-06,110,/53z2fXEKfnNg2uSOPss2unPBGX1.jpg,"In 1956 France, a priest is violently murdered, and Sister Irene begins to investigate. She once again comes face-to-face with a powerful evil.",1692.8,/c9kVD7W8CT5xe4O3hQ7bFWwk68U.jpg,Confess your sins.,"Horror, Mystery, Thriller",QF-oyCwaArU
615656,Meg 2: The Trench,6.9,2034,2023-08-02,116,/5mzr6JZbrqnqD8rCEvPhuCE5Fw2.jpg,An exploratory dive into the deepest depths of the ocean of a daring research team spirals into chaos when a malevolent mining operation threatens their mission and forces them into a high-stakes battle for survival.,1567.3,/4m1Au3YkjqsxF8iwQy0fPYSxE0h.jpg,Back for seconds.,"Action, Science Fiction, Horror",dG91B3hHyY4
1008042,Talk to Me,7.2,973,2023-07-26,95,/iIvQnZyzgx9TkbrOgcXx0p7aLiq.jpg,"When a group of friends discover how to conjure spirits using an embalmed hand, they become hooked on the new thrill, until one of them goes too far and unleashes terrifying supernatural forces.",1458.5,/kdPMUMJzyYAc4roD52qavX0nLIC.jpg,You call. They'll answer.,"Horror, Thriller",PGo4wfCejsk
385687,Fast X,7.3,3881,2023-05-17,142,/4XM8DUTQb3lhLemJC51Jx4a2EuA.jpg,"Over many missions and against impossible odds, Dom Toretto and his family have outsmarted, out-nerved and outdriven every foe in their path. Now, they confront the most lethal opponent they've ever faced: A terrifying threat emerging from the shadows of the past who's fueled by blood revenge, and who is determined to shatter this family and destroy everything—and everyone—that Dom loves, forever.",1175.3,/fiVW06jE7z9YnO4trhaMEdclSiC.jpg,The end of the road begins.,"Action, Crime, Thriller",eoOaKN4qCKw
678512,Sound of Freedom,8.0,503,2023-07-03,131,/eMPxmNvJjxVZIQWI2t1VmNC5IuR.jpg,"The story of Tim Ballard, a former US government agent, who quits his job in order to devote his life to rescuing children from global sex traffickers.",1111.0,/kSf9svfL2WrKeuK8W08xeR5lTn8.jpg,Fight for the light. Silence the darkness.,"Action, Drama",hyyyKcfJRGQ
346698,Barbie,7.3,5074,2023-07-19,114,/ctMserH8g2SeOAnCw5gFjdQF8mo.jpg,"Barbie and Ken are having the time of their lives in the colorful and seemingly perfect world of Barbie Land. However, when they get a chance to go to the real world, they soon discover the joys and perils of living among humans.",1069.3,/iuFNMS8U5cb6xfzi51Dbkovj7vM.jpg,She's everything. He's just Ken.,"Comedy, Adventure, Fantasy",Y1IgAEejvqM
976573,Elemental,7.8,2467,2023-06-14,102,/4fLZUr1e65hKPPVw0R3PmKFKxj1.jpg,"In a city where fire, water, land and air residents live together, a fiery young woman and a go-with-the-flow guy will discover something elemental: how much they have in common.",1008.9,/4Y1WNkd88JXmGfhtWR7dmDAo1T2.jpg,Opposites react.,"Animation, Comedy, Family, Fantasy, Romance",hXzcyx9V0xw
820609,No One Will Save You,6.9,345,2023-09-22,93,/zYlgqIpqJ1VAbvFhRhktAzIybVs.jpg,An exiled anxiety-ridden homebody must battle an alien who's found its way into her home.,961.2,/ehGIDAMaYy6Eg0o8ga0oqflDjqW.jpg,A home invasion no one saw coming.,"Horror, Science Fiction, Thriller",IcA02w6rm44
717930,Kandahar,6.9,575,2023-05-25,119,/c6Splshb8lb2Q9OvUfhpqXl7uP0.jpg,"After his mission is exposed, an undercover CIA operative stuck deep in hostile territory in Afghanistan must fight his way out, alongside his Afghan translator, to an extraction point in Kandahar, all whilst avoiding elite enemy forces and foreign spies tasked with hunting them down.",708.5,/lCanGgsqF4xD2WA5NF8PWeT3IXd.jpg,The only thing more dangerous than the mission is the escape.,"Action, Thriller",IBh9c2WFFz0
667538,Transformers: Rise of the Beasts,7.5,3270,2023-06-06,127,/2vFuG6bWGyQUzYS9d69E5l85nIz.jpg,"When a new threat capable of destroying the entire planet emerges, Optimus Prime and the Autobots must team up with a powerful faction known as the Maximals. With the fate of humanity hanging in the balance, humans Noah and Elena will do whatever it takes to help the Transformers as they engage in the ultimate battle to save Earth.",616.7,/gPbM0MK8CP8A174rmUwGsADNYKD.jpg,Unite or fall.,"Action, Adventure, Science Fiction",ZtuFgnxQMrA
335977,Indiana Jones and the Dial of Destiny,6.7,1748,2023-06-28,155,/35z8hWuzfFUZQaYog8E9LsXW3iI.jpg,"Finding himself in a new era, and approaching retirement, Indy wrestles with fitting into a world that seems to have outgrown him. But as the tentacles of an all-too-familiar evil return in the form of an old rival, Indy must don his hat and pick up his whip once more to make sure an ancient and powerful artifact doesn't fall into the wrong hands.",579.3,/Af4bXE63pVsb2FtbW8uYIyPBadD.jpg,A legend will face his destiny.,"Adventure, Action",eQfMbSe7F2g
569094,Spider-Man: Across the Spider-Verse,8.4,4394,2023-05-31,140,/4HodYYKEIsGOdinkGi2Ucz6X9i0.jpg,"After reuniting with Gwen Stacy, Brooklyn’s full-time, friendly neighborhood Spider-Man is catapulted across the Multiverse, where he encounters the Spider Society, a team of Spider-People charged with protecting the Multiverse’s very existence. But when the heroes clash on how to handle a new threat, Miles finds himself pitted against the other Spiders and must set out on his own to save those he loves most.",512.3,/8Vt6mWEReuy4Of61Lnj5Xj704m8.jpg,It's how you wear the mask that matters.,"Animation, Action, Adventure",yFrxzaBLDQM
614930,Teenage Mutant Ninja Turtles: Mutant Mayhem,7.3,652,2023-07-31,100,/w2nFc2Rsm93PDkvjY4LTn17ePO0.jpg,"After years of being sheltered from the human world, the Turtle brothers set out to win the hearts of New Yorkers and be accepted as normal teenagers through heroic acts. Their new friend April O'Neil helps them take on a mysterious crime syndicate, but they soon get in over their heads when an army of mutants is unleashed upon them.",484.9,/ueO9MYIOHO7M1PiMUeX74uf8fB9.jpg,Heroes aren't born. They're mutated.,"Animation, Comedy, Action",JhXRNRmuYcc
603692,John Wick: Chapter 4,7.8,4639,2023-03-22,170,/i3OTGmLNOZIo4SRQLVfLjeWegB6.jpg,"With the price on his head ever increasing, John Wick uncovers a path to defeating The High Table. But before he can earn his freedom, Wick must face off against a new enemy with powerful alliances across the globe and forces that turn old friends into foes.",482.5,/vZloFAK7NmvMGKE7VkF5UHaz0I.jpg,"No way back, one way out.","Action, Thriller, Crime",yjRHZEUamCc
298618,The Flash,6.9,2959,2023-06-13,144,/yF1eOkaYvwiORauRCPWznV9xVvi.jpg,"When his attempt to save his family inadvertently alters the future, Barry Allen becomes trapped in a reality in which General Zod has returned and there are no Super Heroes to turn to. In order to save the world that he is in and return to the future that he knows, Barry's only hope is to race for his life. But will making the ultimate sacrifice be enough to reset the universe?",480.4,/rktDFPbfHfUbArZ6OOOKsXcv0Bm.jpg,Worlds collide.,"Action, Adventure, Science Fiction",jprhe-cWKGs
872585,Oppenheimer,8.3,3766,2023-07-19,181,/fm6KqXpk3M2HVveHwCrBSSBaO0V.jpg,The story of J. Robert Oppenheimer’s role in the development of the atomic bomb during World War II.,463.4,/8Gxv8gSFCU0XGDykEGv7zR1n2ua.jpg,The world forever changes.,"Drama, History",qiuSBWVdgLI
912908,Strays,7.5,389,2023-08-17,93,/1HzL603WOer58xtnrRYdSIL5K04.jpg,"When Reggie is abandoned on the mean city streets by his lowlife owner, Doug, Reggie is certain that his beloved owner would never leave him on purpose. But once Reggie falls in with Bug, a fast-talking, foul-mouthed stray who loves his freedom and believes that owners are for suckers, Reggie finally realizes he was in a toxic relationship and begins to see Doug for the heartless sleazeball that he is.",419.5,/n1hqbSCtyBAxaXEl1Dj3ipXJAJG.jpg,Go fetch yourself.,"Comedy, Adventure",26Xq6_g2r6Q
502356,The Super Mario Bros. Movie,7.8,6743,2023-04-05,93,/9n2tJBplPbgR2ca05hS5CKXwP2c.jpg,"While working underground to fix a water main, Brooklyn plumbers—and brothers—Mario and Luigi are transported down a mysterious pipe and wander into a magical new world. But when the brothers are separated, Mario embarks on an epic quest to find Luigi.",410.4,/qNBAXBIQlnOThrVvA6mA2B5ggV6.jpg,Not all heroes wear capes. Some wear overalls.,"Animation, Family, Adventure, Fantasy, Comedy",RjNcTBXTk4I
575264,Mission: Impossible - Dead Reckoning Part One,7.7,1171,2023-07-08,164,/TFTfzrkX8L7bAKUcch6qLmjpLu.jpg,"Ethan Hunt and his IMF team embark on their most dangerous mission yet: To track down a terrifying new weapon that threatens all of humanity before it falls into the wrong hands. With control of the future and the world's fate at stake and dark forces from Ethan's past closing in, a deadly race around the globe begins. Confronted by a mysterious, all-powerful enemy, Ethan must consider that nothing can matter more than his mission—not even the lives of those he cares about most.",401.1,/NNxYkU70HPurnNCSiCjYAmacwm.jpg,We all share the same fate.,"Action, Thriller",HurjfO_TDlQ
1010581,My Fault,8.1,1738,2023-06-08,117,/lntyt4OVDbcxA1l7LtwITbrD3FI.jpg,"Noah must leave her city, boyfriend, and friends to move into William Leister's mansion, the flashy and wealthy husband of her mother Rafaela. As a proud and independent 17 year old, Noah resists living in a mansion surrounded by luxury. However, it is there where she meets Nick, her new stepbrother, and the clash of their strong personalities becomes evident from the very beginning.",361.0,/w46Vw536HwNnEzOa7J24YH9DPRS.jpg,,"Drama, Romance",xY-qRGC6Yu0
439079,The Nun,5.9,6076,2018-09-05,96,/fgsHxz21B27hOOqQBiw9L6yWcM7.jpg,A priest with a haunted past and a novice on the threshold of her final vows are sent by the Vatican to investigate the death of a young nun in Romania and confront a malevolent force in the form of a demonic nun.,357.7,/sFC1ElvoKGdHJIWRpNB3xWJ9lJA.jpg,Pray For Forgiveness,"Horror, Mystery, Thriller",WE13fuVrPjE
447277,The Little Mermaid,6.5,2148,2023-05-18,135,/7VEUOEfRzzrQfWddlIyLUKvh6Nf.jpg,"The youngest of King Triton’s daughters, and the most defiant, Ariel longs to find out more about the world beyond the sea, and while visiting the surface, falls for the dashing Prince Eric. With mermaids forbidden to interact with humans, Ariel makes a deal with the evil sea witch, Ursula, which gives her a chance to experience life on land, but ultimately places her life – and her father’s crown – in jeopardy.",353.5,/ym1dxyOk4jFcSl4Q2zmRrA5BEEN.jpg,"Watch and you'll see, some day I'll be, part of your world!","Adventure, Family, Fantasy, Romance",kpGo2_d3oYE
724209,Heart of Stone,6.9,1166,2023-08-09,124,/xVMtv55caCEvBaV83DofmuZybmI.jpg,An intelligence operative for a shadowy global peacekeeping agency races to stop a hacker from stealing its most valuable — and dangerous — weapon.,336.9,/vB8o2p4ETnrfiWEgVxHmHWP9yRl.jpg,Defy the odds,"Thriller, Action",LOHrNvFH3F8
1040148,"Ruby Gillman, Teenage Kraken",7.5,677,2023-06-28,91,/f7UI3dYpr7ZUHGo0iIr1Qvy1VPe.jpg,"Ruby Gillman, a sweet and awkward high school student, discovers she's a direct descendant of the warrior kraken queens. The kraken are sworn to protect the oceans of the world against the vain, power-hungry mermaids. Destined to inherit the throne from her commanding grandmother, Ruby must use her newfound powers to protect those she loves most.",321.8,/kgrLpJcLBbyhWIkK7fx1fM4iSvf.jpg,Discover the hero just beneath the surface.,"Animation, Family, Fantasy, Comedy",u4uyD8FFUIw
447365,Guardians of the Galaxy Vol. 3,8.0,4941,2023-05-03,150,/5YZbUmjbMa3ClvSW1Wj3D6XGolb.jpg,"Peter Quill, still reeling from the loss of Gamora, must rally his team around him to defend the universe along with protecting one of their own. A mission that, if not completed successfully, could quite possibly lead to the end of the Guardians as we know them.",318.5,/r2J02Z2OpNTctfOSN1Ydgii51I3.jpg,Once more with feeling.,"Science Fiction, Adventure, Action",AAE5VZktooM
635910,The Last Voyage of the Demeter,7.3,715,2023-08-09,119,/qEm4FrkGh7kGoEiBOyGYNielYVc.jpg,The crew of the merchant ship Demeter attempts to survive the ocean voyage from Carpathia to London as they are stalked each night by a merciless presence onboard the ship.,307.9,/nrtbv6Cew7qC7k9GsYSf5uSmuKh.jpg,The legend of Dracula is born.,"Thriller, Horror",eQUBghzpgzA
614479,Insidious: The Red Door,6.8,1161,2023-07-05,107,/i2GVEvltEu3BXn5crBSxgKuTaca.jpg,"To put their demons to rest once and for all, Josh Lambert and a college-aged Dalton Lambert must go deeper into The Further than ever before, facing their family's dark past and a host of new and more horrifying terrors that lurk behind the red door.",305.9,/d07phJqCx6z5wILDYqkyraorDPi.jpg,It ends where it all began.,"Horror, Mystery, Thriller",gexw4P68kbg
1880,Red Dawn,6.3,691,1984-08-10,114,/9fOfsVHZHig6MHPHczv0zMY6cKc.jpg,"It is the dawn of World War III. In mid-western America, a group of teenagers band together to defend their town—and their country—from invading Soviet forces.",300.7,/a2GkHcioc2QEFJbQk1NTB85u3vD.jpg,"In our time, no foreign army has ever occupied American soil. Until now.","Action, Thriller, War, Drama",cMYIe9sxLVU
884605,No Hard Feelings,7.2,1401,2023-06-15,104,/rRcNmiH55Tz0ugUsDUGmj8Bsa4V.jpg,"On the brink of losing her childhood home, Maddie discovers an intriguing job listing: wealthy helicopter parents looking for someone to “date” their introverted 19-year-old son, Percy, before he leaves for college. To her surprise, Maddie soon discovers the awkward Percy is no sure thing.",298.8,/gD72DhJ7NbfxvtxGiAzLaa0xaoj.jpg,Pretty. Awkward.,"Comedy, Romance",7psP7xBEa28
900667,One Piece Film Red,7.3,733,2022-08-06,115,/A1EWX46DxpEuiha7K0XY6vhWbdZ.jpg,"Uta — the most beloved singer in the world. Her voice, which she sings with while concealing her true identity, has been described as “otherworldly.” She will appear in public for the first time at a live concert. As the venue fills with all kinds of Uta fans — excited pirates, the Navy watching closely, and the Straw Hats led by Luffy who simply came to enjoy her sonorous performance — the voice that the whole world has been waiting for is about to resound.",293.9,/ogDXuVkO92GcETZfSofXXemw7gb.jpg,An almighty voice. With fiery red locks.,"Animation, Adventure, Action, Fantasy",ZrhZvqgtdYY
1083862,Resident Evil: Death Island,7.6,695,2023-06-22,91,/7drO1kYgQ0PnnU87sAnBEphYrSM.jpg,"In San Francisco, Jill Valentine is dealing with a zombie outbreak and a new T-Virus, Leon Kennedy is on the trail of a kidnapped DARPA scientist, and Claire Redfield is investigating a monstrous fish that is killing whales in the bay. Joined by Chris Redfield and Rebecca Chambers, they discover the trail of clues from their separate cases all converge on the same location, Alcatraz Island, where a new evil has taken residence and awaits their arrival.",264.7,/qayga07ICNDswm0cMJ8P3VwklFZ.jpg,Destinies intertwined. A world gone mad.,"Animation, Action, Horror",L-vkuA8oqMY
76600,Avatar: The Way of Water,7.7,9830,2022-12-14,192,/8rpDcsfLJypbO6vREc0547VKqEv.jpg,"Set more than a decade after the events of the first film, learn the story of the Sully family (Jake, Neytiri, and their kids), the trouble that follows them, the lengths they go to keep each other safe, the battles they fight to stay alive, and the tragedies they endure.",241.3,/t6HIqrRAclMCA60NsSmeqe9RmNV.jpg,Return to Pandora.,"Science Fiction, Adventure, Action",o5F8MOz_IDw
37265,All Ladies Do It,4.8,335,1992-02-21,93,/hkx6p7bTw2dOs4nSk6ZGTnEjCjW.jpg,"After five years of marriage, Diana discovers the joys of adultery, claiming that she can save her failing relationship through betrayal.",232.6,/u4QZQ0QU2jf5H5qaBRRdGrz7dmy.jpg,"A New Erotic Masterpiece from Tinto Brass, the Director of Caligula.","Comedy, Drama",rOix7Lu1TSY
934433,Scream VI,7.2,1836,2023-03-08,123,/44immBwzhDVyjn87b3x3l9mlhAD.jpg,"Following the latest Ghostface killings, the four survivors leave Woodsboro behind and start a fresh chapter.",231.8,/wDWwtvkRRlgTiUr6TyLSMX8FCuZ.jpg,New York. New rules.,"Horror, Crime, Thriller",1Ie2qmAOc6Q
10726,American Psycho II: All American Girl,4.5,353,2002-04-22,88,/bck1APsiyOtEniGLsFO0Gu8QtUU.jpg,"Rachel is a criminology student hoping to land a position as a teacher's assistant for professor Robert Starkman. She's sure this position will pave the way to an FBI career, and she's willing to do anything to obtain it -- including killing her classmates. The school psychiatrist, Dr. Daniels, becomes aware that Rachel is insane, but Rachel is skilled at her dangerous game of death and identity theft.",225.5,/x4bYbE78GONxAWqke5rmhpKfR7e.jpg,Angrier. Deadlier. Sexier.,"Horror, Thriller",xP7_wJYDKqo
315162,Puss in Boots: The Last Wish,8.3,6394,2022-12-07,103,/b1Y8SUb12gPHCSSSNlbX4nB3IKy.jpg,"Puss in Boots discovers that his passion for adventure has taken its toll: He has burned through eight of his nine lives, leaving him with only one life left. Puss sets out on an epic journey to find the mythical Last Wish and restore his nine lives.",221.5,/kuf6dutpsT0vSVehic3EZIqkOBt.jpg,Live each adventure like it's your last.,"Animation, Family, Fantasy, Adventure, Comedy, Action",tHb7WlgyaUc
675445,PAW Patrol: The Movie,7.4,1142,2021-08-09,86,/a17F3zXnmuwqxfiDa46mtlosjrv.jpg,Ryder and the pups are called to Adventure City to stop Mayor Humdinger from turning the bustling metropolis into a state of chaos.,217.6,/ic0intvXZSfBlYPIvWXpU1ivUCO.jpg,Our fate is in their paws.,"Animation, Family, Adventure, Comedy",LRMTr2VZcr8
496450,"Miraculous: Ladybug & Cat Noir, The Movie",7.8,593,2023-07-05,107,/iEFuHjqrE059SmflBva1JzDJutE.jpg,"A life of an ordinary Parisian teenager Marinette goes superhuman when she becomes Ladybug. Bestowed with magical powers of creation, Ladybug must unite with her opposite, Cat Noir, to save Paris as a new villain unleashes chaos unto the city.",212.6,/dQNJ8SdCMn3zWwHzzQD2xrphR1X.jpg,The fate of the world is in their hands.,"Animation, Music, Family, Action, Romance, Fantasy, Comedy",3fzFvZToh8o
709631,Cobweb,6.9,394,2023-07-19,88,/nYDPmxvl0if5vHBBp7pDYGkTFc7.jpg,"Eight year old Peter is plagued by a mysterious, constant tapping from inside his bedroom wall—one that his parents insist is all in his imagination. As Peter's fear intensifies, he believes that his parents could be hiding a terrible, dangerous secret and questions their trustworthiness.",208.1,/cGXFosYUHYjjdKrOmA0bbjvzhKz.jpg,"Sooner or later, family secrets creep out.",Horror,hGY0icwlDGY
459003,Mavka: The Forest Song,7.4,396,2023-03-02,99,/lyHmhoRj3zXSdeCYbs2oOXLCF4K.jpg,"Mavka — a Soul of the Forest and its Warden — faces an impossible choice between love and her duty as guardian to the Heart of the Forest, when she falls in love with a human — the talented young musician Lukas.",206.8,/eeJjd9JU2Mdj9d7nWRFLWlrcExi.jpg,,"Animation, Adventure, Family, Fantasy",dimfdQSBAEk
602734,Spiral: From the Book of Saw,6.0,1659,2021-05-12,93,/g15PR8eQV9DehSWlagvdnJZqoRq.jpg,"Working in the shadow of an esteemed police veteran, brash Detective Ezekiel “Zeke” Banks and his rookie partner take charge of a grisly investigation into murders that are eerily reminiscent of the city’s gruesome past.  Unwittingly entrapped in a deepening mystery, Zeke finds himself at the center of the killer’s morbid game.",199.1,/qkl6mRoFexK2FGWCbAsvrRxjWaF.jpg,,"Horror, Crime, Mystery",7dgjBjEpMsM
758323,The Pope's Exorcist,7.1,1971,2023-04-05,103,/hiHGRbyTcbZoLsYYkO4QiCLYe34.jpg,"Father Gabriele Amorth, Chief Exorcist of the Vatican, investigates a young boy's terrifying possession and ends up uncovering a centuries-old conspiracy the Vatican has desperately tried to keep hidden.",196.1,/jFC4LS5qTAT3PinzdEzINfu1CV9.jpg,"Inspired by the actual files of Father Gabriele Amorth, Chief Exorcist of the Vatican.","Horror, Thriller",YJXqvnT_rsk
455476,Knights of the Zodiac,6.6,828,2023-04-27,113,/oqP1qEZccq5AD9TVTIaO6IGUj7o.jpg,"When a headstrong street orphan, Seiya, in search of his abducted sister unwittingly taps into hidden powers, he discovers he might be the only person alive who can protect a reincarnated goddess, sent to watch over humanity. Can he let his past go and embrace his destiny to become a Knight of the Zodiac?",191.6,/qW4crfED8mpNDadSmMdi7ZDzhXF.jpg,Go beyond your destiny.,"Fantasy, Action, Adventure",gZ3o0lTfYOs
882569,Guy Ritchie's The Covenant,7.8,1651,2023-04-19,123,/eTvN54pd83TrSEOz6wbsXEJktCV.jpg,"During the war in Afghanistan, a local interpreter risks his own life to carry an injured sergeant across miles of grueling terrain.",188.6,/kVG8zFFYrpyYLoHChuEeOGAd6Ru.jpg,A bond. A pledge. A commitment.,"War, Action, Thriller",02PPMPArNEQ
713704,Evil Dead Rise,7.0,2292,2023-04-12,96,/7bWxAsNPv9CXHOhZbJVlj2KxgfP.jpg,"A reunion between two estranged sisters gets cut short by the rise of flesh-possessing demons, thrusting them into a primal battle for survival as they face the most nightmarish version of family imaginable.",188.1,/5ik4ATKmNtmJU6AYD0bLm56BCVM.jpg,Mommy loves you to death.,"Thriller, Horror",sI2JcVku4Gk
156022,The Equalizer,7.2,8145,2014-09-24,132,/wHytVsfAZsVDAcABd6iQGmE2j29.jpg,"McCall believes he has put his mysterious past behind him and dedicated himself to beginning a new, quiet life. But when he meets Teri, a young girl under the control of ultra-violent Russian gangsters, he can’t stand idly by – he has to help her. Armed with hidden skills that allow him to serve vengeance against anyone who would brutalize the helpless, McCall comes out of his self-imposed retirement and finds his desire for justice reawakened. If someone has a problem, if the odds are stacked against them, if they have nowhere else to turn, McCall will help. He is The Equalizer.",186.6,/9u4yW7yPA0BQ2pv9XwiNzItwvp8.jpg,What do you see when you look at me?,"Thriller, Action, Crime",BP_FwE0Z7no
634649,Spider-Man: No Way Home,8.0,18299,2021-12-15,148,/14QbnygCuTO0vl7CAFmPf1fgZfV.jpg,"Peter Parker is unmasked and no longer able to separate his normal life from the high-stakes of being a super-hero. When he asks for help from Doctor Strange the stakes become even more dangerous, forcing him to discover what it truly means to be Spider-Man.",186.1,/5weKu49pzJCt06OPpjvT80efnQj.jpg,The Multiverse unleashed.,"Action, Adventure, Science Fiction",1mTjfMFyPi8
671,Harry Potter and the Philosopher's Stone,7.9,25379,2001-11-16,152,/hziiv14OpD73u9gAak4XDDfBKa2.jpg,"Harry Potter has lived under the stairs at his aunt and uncle's house his whole life. But on his 11th birthday, he learns he's a powerful wizard—with a place waiting for him at the Hogwarts School of Witchcraft and Wizardry. As he learns to harness his newfound powers with the help of the school's kindly headmaster, Harry uncovers the truth about his parents' deaths—and about the villain who's to blame.",185.5,/wuMc08IPKEatf9rnMNXvIDxqP4W.jpg,Let the magic begin.,"Adventure, Fantasy",l91Km49W9qI
532408,The Boogeyman,6.8,415,2023-05-31,99,/AvSeU3ji59QLN2tfWXzVqI6hg8x.jpg,"Still reeling from the tragic death of their mother, a teenage girl and her younger sister find themselves plagued by a sadistic presence in their house and struggle to get their grieving father to pay attention before it’s too late.",184.6,/pYwZdnXVnVxAr7dx4MEK7tTK9gI.jpg,It's not real. It's not real. It's not real.,"Horror, Thriller, Mystery",p8BDtwMYFa4
697843,Extraction 2,7.5,1814,2023-06-09,123,/wRxLAw4l17LqiFcPLkobriPTZAw.jpg,"Tasked with extracting a family who is at the mercy of a Georgian gangster, Tyler Rake infiltrates one of the world's deadliest prisons in order to save them. But when the extraction gets hot, and the gangster dies in the heat of battle, his equally ruthless brother tracks down Rake and his team to Vienna, in order to get revenge.",180.2,/7gKI9hpEMcZUQpNgKrkDzJpbnNS.jpg,Prepare for the ride of your life.,"Action, Thriller",Y274jZs5s7s
916224,Suzume,8.0,684,2022-11-11,123,/4tdV5AeojEdbvn6VpeQrbuDlmzs.jpg,"Suzume, 17, lost her mother as a little girl. On her way to school, she meets a mysterious young man. But her curiosity unleashes a calamity that endangers the entire population of Japan, and so Suzume embarks on a journey to set things right.",175.4,/vIeu8WysZrTSFb2uhPViKjX9EcC.jpg,"On the other side of the door, was time in its entirety.","Animation, Drama, Adventure, Fantasy",g0JMPkn7Wuo
176,Saw,7.4,8327,2004-10-01,103,/ok4ot3YbfDYZcINXf91JUfq3maB.jpg,"Obsessed with teaching his victims the value of life, a deranged, sadistic serial killer abducts the morally wayward. Once captured, they must face impossible choices in a horrific game of survival. The victims must fight to win their lives back, or die trying...",174.8,/4da0TS3iQ1IzuyhDS8elgkmOfrN.jpg,Live or die. Make your choice.,"Horror, Mystery, Crime",zaANSeQ3La4
640146,Ant-Man and the Wasp: Quantumania,6.4,4009,2023-02-15,125,/m8JTwHFwX7I7JY5fPe4SjqejWag.jpg,"Super-Hero partners Scott Lang and Hope van Dyne, along with with Hope's parents Janet van Dyne and Hank Pym, and Scott's daughter Cassie Lang, find themselves exploring the Quantum Realm, interacting with strange new creatures and embarking on an adventure that will push them beyond the limits of what they thought possible.",173.7,/qnqGbB22YJ7dSs4o6M7exTpNxPz.jpg,Witness the beginning of a new dynasty.,"Action, Adventure, Science Fiction",5WfTEZJnv_8
457332,Hidden Strike,7.0,751,2023-07-06,103,/dWvDlTkt9VEGCDww6IzNRgm8fRQ.jpg,Two elite soldiers must escort civilians through a gauntlet of gunfire and explosions.,168.0,/zsbolOkw8RhTU4DKOrpf4M7KCmi.jpg,There is a plan. They just don't know what it is.,"Action, Adventure, Thriller, Comedy",l_jEicE6KyQ
744276,After Ever Happy,6.8,992,2022-08-24,95,/rwgmDkIEv8VjAsWx25ottJrFvpO.jpg,"As a shocking truth about a couple's families emerges, the two lovers discover they are not so different from each other. Tessa is no longer the sweet, simple, good girl she was when she met Hardin — any more than he is the cruel, moody boy she fell so hard for.",167.7,/moogpu8rNkEjTgFyLXwhPghft5w.jpg,,"Romance, Drama",hLQ-5exgctI
354912,Coco,8.2,17742,2017-10-27,105,/askg3SMvhqEl4OL52YuvdtY40Yb.jpg,"Despite his family’s baffling generations-old ban on music, Miguel dreams of becoming an accomplished musician like his idol, Ernesto de la Cruz. Desperate to prove his talent, Miguel finds himself in the stunning and colorful Land of the Dead following a mysterious chain of events. Along the way, he meets charming trickster Hector, and together, they set off on an extraordinary journey to unlock the real story behind Miguel's family history.",166.6,/gGEsBPAijhVUFoiNpgZXqRVWJt2.jpg,The celebration of a lifetime,"Family, Animation, Fantasy, Music, Comedy, Adventure",Rvr68u6k5sI
677179,Creed III,7.2,1987,2023-03-01,116,/8QsVX5C82mT7bB5sVsjsLcerWQK.jpg,"After dominating the boxing world, Adonis Creed has thrived in his career and family life. When a childhood friend and former boxing prodigy, Damian Anderson, resurfaces after serving a long sentence in prison, he is eager to prove that he deserves his shot in the ring. The face-off between former friends is more than just a fight. To settle the score, Adonis must put his future on the line to battle Damian — a fighter with nothing to lose.",165.0,/cvsXj3I9Q2iyyIo95AecSd1tad7.jpg,You can't run from your past.,"Drama, Action",xTaIZo8OJYE
238,The Godfather,8.7,18677,1972-03-14,175,/tmU7GeKVybMWFButWEGl2M4GeiP.jpg,"Spanning the years 1945 to 1955, a chronicle of the fictional Italian-American Corleone crime family. When organized crime family patriarch, Vito Corleone barely survives an attempt on his life, his youngest son, Michael steps in to take care of the would-be killers, launching a campaign of bloody revenge.",158.4,/3bhkrj58Vtu7enYsRolD1fZdja1.jpg,An offer you can't refuse.,"Drama, Crime",Ew9ngL1GZvs
840326,Sisu,7.5,1325,2023-01-27,91,/o9bbojtrrpl0yriiTmzC3Lp3OhA.jpg,"Deep in the wilderness of Lapland, Aatami Korpi is searching for gold but after he stumbles upon Nazi patrol, a breathtaking and gold-hungry chase through the destroyed and mined Lapland wilderness begins.",157.4,/ygO9lowFMXWymATCrhoQXd6gCEh.jpg,Vengeance is golden.,"Action, War",d2k4QAItiSA
537915,After,7.1,7781,2019-04-11,106,/997ToEZvF2Obp9zNZbY5ELVnmrW.jpg,"Tessa Young is a dedicated student, dutiful daughter and loyal girlfriend to her high school sweetheart. Entering her first semester of college, Tessa's guarded world opens up when she meets Hardin Scott, a mysterious and brooding rebel who makes her question all she thought she knew about herself -- and what she wants out of life.",155.3,/u3B2YKUjWABcxXZ6Nm9h10hLUbh.jpg,"After your first, life is never the same.","Romance, Drama",2ZAdcWHuCmY
766507,Prey,7.8,5821,2022-08-02,100,/7ZO9yoEU2fAHKhmJWfAc2QIPWJg.jpg,"When danger threatens her camp, the fierce and highly skilled Comanche warrior Naru sets out to protect her people. But the prey she stalks turns out to be a highly evolved alien predator with a technically advanced arsenal.",154.6,/ujr5pztc1oitbe7ViMUOilFaJ7s.jpg,They hunt to live. It lives to hunt.,"Thriller, Action, Science Fiction",wZ7LytagKlc
299536,Avengers: Infinity War,8.3,27713,2018-04-25,149,/mDfJG3LC3Dqb67AZ52x3Z0jU0uB.jpg,"As the Avengers and their allies have continued to protect the world from threats too large for any one hero to handle, a new danger has emerged from the cosmic shadows: Thanos. A despot of intergalactic infamy, his goal is to collect all six Infinity Stones, artifacts of unimaginable power, and use them to inflict his twisted will on all of reality. Everything the Avengers have fought for has led up to this moment - the fate of Earth and existence itself has never been more uncertain.",154.3,/7WsyChQLEftFiDOVTGkv3hFpyyt.jpg,An entire universe. Once and for all.,"Adventure, Action, Science Fiction",QwievZ1Tx-8
423108,The Conjuring: The Devil Made Me Do It,7.5,5407,2021-05-25,111,/qi6Edc1OPcyENecGtz8TF0DUr9e.jpg,"Paranormal investigators Ed and Lorraine Warren encounter what would become one of the most sensational cases from their files. The fight for the soul of a young boy takes them beyond anything they'd ever seen before, to mark the first time in U.S. history that a murder suspect would claim demonic possession as a defense.",152.6,/xbSuFiJbbBWCkyCCKIMfuDCA4yV.jpg,The demonic case that shocked America.,"Horror, Mystery, Thriller",tLFnRAzcaEc
1070514,Zom 100: Bucket List of the Dead,6.8,398,2023-08-03,129,/3Dx87TAyvqMnd8uOCNZzayufZRK.jpg,"Bullied by his boss, worked around the clock, he's nothing more than a corporate drone. All it takes is a zombie outbreak for him to finally feel alive!",149.8,/kD35dB3KOHrLo1Y3RU5xXJ1hI7.jpg,"When zombies flooded the town, a bright light shined into my dark life!","Comedy, Horror, Action",yhbWaJaYDiY
536437,Hypnotic,6.5,603,2023-05-11,94,/8FhKnPpql374qyyHAkZDld93IUw.jpg,A detective becomes entangled in a mystery involving his missing daughter and a secret government program while investigating a string of reality-bending crimes.,149.6,/m0mYmlN9AewOGSOl7Q1ZgZvEeUU.jpg,Control is an illusion.,"Mystery, Thriller, Science Fiction",XAwpu4rQpeQ
945729,A Haunting in Venice,6.8,519,2023-09-13,104,/kHlX3oqdD4VGaLpB8O78M25KfdS.jpg,"Celebrated sleuth Hercule Poirot, now retired and living in self-imposed exile in Venice, reluctantly attends a Halloween séance at a decaying, haunted palazzo. When one of the guests is murdered, the detective is thrust into a sinister world of shadows and secrets.",147.6,/1Xgjl22MkAZQUavvOeBqRehrvqO.jpg,Death was only the beginning.,"Mystery, Thriller, Crime",rbinYSVdGE0
568124,Encanto,7.6,8611,2021-10-13,102,/3G1Q5xF40HkUBJXxt2DQgQzKTp5.jpg,"The tale of an extraordinary family, the Madrigals, who live hidden in the mountains of Colombia, in a magical house, in a vibrant town, in a wondrous, charmed place called an Encanto. The magic of the Encanto has blessed every child in the family—every child except one, Mirabel. But when she discovers that the magic surrounding the Encanto is in danger, Mirabel decides that she, the only ordinary Madrigal, might just be her exceptional family's last hope.",147.1,/4j0PNHkMr5ax3IA8tjtxcmPU3QT.jpg,There's a little magic in all of us...almost all of us.,"Animation, Comedy, Family, Fantasy",CaimKeDcudo
664767,Mortal Kombat Legends: Scorpion's Revenge,8.1,1286,2020-04-12,80,/vw3zNfzvnVNF7nIjpiEgcdznfeC.jpg,"After the vicious slaughter of his family by stone-cold mercenary Sub-Zero, Hanzo Hasashi is exiled to the torturous Netherrealm. There, in exchange for his servitude to the sinister Quan Chi, he’s given a chance to avenge his family – and is resurrected as Scorpion, a lost soul bent on revenge. Back on Earthrealm, Lord Raiden gathers a team of elite warriors – Shaolin monk Liu Kang, Special Forces officer Sonya Blade and action star Johnny Cage – an unlikely band of heroes with one chance to save humanity. To do this, they must defeat Shang Tsung’s horde of Outworld gladiators and reign over the Mortal Kombat tournament.",147.0,/4VlXER3FImHeFuUjBShFamhIp9M.jpg,Extreme violence. Bad language. And a bloody good time.,"Animation, Action, Fantasy",P87QXvvav7Y
594767,Shazam! Fury of the Gods,6.7,2416,2023-03-15,130,/zRQITMLvVi8z2Xz12Bi6wvbZE82.jpg,"Billy Batson and his foster siblings, who transform into superheroes by saying ""Shazam!"", are forced to get back into action and fight the Daughters of Atlas, who they must stop from using a weapon that could destroy the world.",143.2,/A3ZbZsmsvNGdprRi2lKgGEeVLEH.jpg,Oh. My. Gods.,"Comedy, Action, Fantasy",EHRmypwgsxU
254128,San Andreas,6.2,8036,2015-05-27,114,/zcySy6dnSmyqiichtDgO7AEeZoq.jpg,"In the aftermath of a massive earthquake in California, a rescue-chopper pilot makes a dangerous journey across the state in order to rescue his estranged daughter.",142.7,/2Gfjn962aaFSD6eST6QU3oLDZTo.jpg,"A rescue pilot survived an earthquake, this is what happens next","Action, Drama, Thriller",F1ZewAPl7L0
675353,Sonic the Hedgehog 2,7.6,4225,2022-04-08,123,/yEQqrW61rwNuVRHTjgHOAU4dXNE.jpg,"After settling in Green Hills, Sonic is eager to prove he has what it takes to be a true hero. His test comes when Dr. Robotnik returns, this time with a new partner, Knuckles, in search for an emerald that has the power to destroy civilizations. Sonic teams up with his own sidekick, Tails, and together they embark on a globe-trotting journey to find the emerald before it falls into the wrong hands.",142.7,/6DrHO1jr3qVrViUO6s6kFiAGM7.jpg,Welcome to the next level.,"Action, Adventure, Family, Comedy",47r8FXYZWNU
9453,Caligula,6.0,729,1979-08-14,156,/6UDep1cxHQqrNFhSW4ZNQLW3Alr.jpg,"The perversion behind imperial Rome, the epic story of Rome's mad Emporer. All the details of his cruel, bizarre reign are revealed right here: His unholy sexual passion for his sister, his marriage to Rome's most infamous prostitute, his fiendishly inventive means of disposing those who would oppose him, and more.",140.9,/4N4l873TVreuaR4FVpvaL2gfQ0N.jpg,What would you have done if you had been given absolute power of life and death over everybody else in the whole world?,"Drama, History, Romance",pCw_uur6nAU
157336,Interstellar,8.4,32571,2014-11-05,169,/pbrkL804c8yAv3zBZR4QPEafpAR.jpg,The adventures of a group of explorers who make use of a newly discovered wormhole to surpass the limitations on human space travel and conquer the vast distances involved in an interstellar voyage.,140.2,/gEU2QniE6E77NI6lCU6MxlNBvIx.jpg,Mankind was born on Earth. It was never meant to die here.,"Adventure, Drama, Science Fiction",LY19rHKAaAg
744275,After We Fell,7.1,2311,2021-09-01,99,/mxdiaM2tsx8M6W3zLgiPwAkhQfq.jpg,"Just as Tessa's life begins to become unglued, nothing is what she thought it would be. Not her friends nor her family. The only person that she should be able to rely on is Hardin, who is furious when he discovers the massive secret that she's been keeping. Before Tessa makes the biggest decision of her life, everything changes because of revelations about her family.",140.2,/dU4HfnTEJDf9KvxGS9hgO7BVeju.jpg,,"Romance, Drama",NYdNN6C9hfI
985939,Fall,7.3,3217,2022-08-11,107,/hlxduUs8y9icWGMzYCDLcYHEQ2u.jpg,"For best friends Becky and Hunter, life is all about conquering fears and pushing limits. But after they climb 2,000 feet to the top of a remote, abandoned radio tower, they find themselves stranded with no way down. Now Becky and Hunter’s expert climbing skills will be put to the ultimate test as they desperately fight to survive the elements, a lack of supplies, and vertigo-inducing heights",135.6,/v28T5F1IygM8vXWZIycfNEm3xcL.jpg,Fear reaches new heights.,Thriller,FNk7Cu4sJOs
674,Harry Potter and the Goblet of Fire,7.8,19287,2005-11-16,157,/5rrGVmRUuCKVbqUu41XIWTXJmNA.jpg,"When Harry Potter's name emerges from the Goblet of Fire, he becomes a competitor in a grueling battle for glory among three wizarding schools—the Triwizard Tournament. But since Harry never submitted his name for the Tournament, who did? Now Harry must confront a deadly dragon, fierce water demons and an enchanted maze only to find himself in the cruel grasp of He Who Must Not Be Named.",134.3,/fECBtHlr0RB3foNHDiCBXeg9Bv9.jpg,Dark And Difficult Times Lie Ahead.,"Adventure, Fantasy",4xkFJgcCQRE
505642,Black Panther: Wakanda Forever,7.2,5475,2022-11-09,162,/xDMIl84Qo5Tsu62c9DGWhmPI67A.jpg,"Queen Ramonda, Shuri, M’Baku, Okoye and the Dora Milaje fight to protect their nation from intervening world powers in the wake of King T’Challa’s death.  As the Wakandans strive to embrace their next chapter, the heroes must band together with the help of War Dog Nakia and Everett Ross and forge a new path for the kingdom of Wakanda.",131.9,/sv1xJUazXeYqALzczSZ3O6nkH75.jpg,Forever.,"Action, Adventure, Science Fiction",_Z3QKkl1WyM
791373,Zack Snyder's Justice League,8.2,9202,2021-03-18,242,/4LO6bnNGIa8zNbM6HwCYzlUKIHq.jpg,"Determined to ensure Superman's ultimate sacrifice was not in vain, Bruce Wayne aligns forces with Diana Prince with plans to recruit a team of metahumans to protect the world from an approaching threat of catastrophic proportions.",130.7,/tnAuB8q5vv7Ax9UAEje5Xi4BXik.jpg,Us united.,"Action, Adventure, Fantasy",ui37YKQ9AC4
155,The Dark Knight,8.5,30619,2008-07-16,152,/nMKdUUepR0i5zn0y1T4CsSB5chy.jpg,"Batman raises the stakes in his war on crime. With the help of Lt. Jim Gordon and District Attorney Harvey Dent, Batman sets out to dismantle the remaining criminal organizations that plague the streets. The partnership proves to be effective, but they soon find themselves prey to a reign of chaos unleashed by a rising criminal mastermind known to the terrified citizens of Gotham as the Joker.",130.6,/qJ2tW6WMUDux911r6m7haRef0WH.jpg,Welcome to a world without rules.,"Drama, Action, Crime, Thriller",LDG9bisJEaI
298250,Jigsaw,6.2,3301,2017-10-25,92,/gnqSZVyZyZggPeCevB0fUAkIHa.jpg,"Dead bodies begin to turn up all over the city, each meeting their demise in a variety of grisly ways. All investigations begin to point the finger at deceased killer John Kramer.",128.0,/2mUqHJG7ZiGwZYIylczFCsRPbXM.jpg,A new game begins.,"Horror, Mystery, Thriller",vPP6aIw1vgY
493529,Dungeons & Dragons: Honor Among Thieves,7.5,2329,2023-03-23,134,/AdBXP8e6K3FYdDrMx3Wr6WZqCYF.jpg,"A charming thief and a band of unlikely adventurers undertake an epic heist to retrieve a lost relic, but things go dangerously awry when they run afoul of the wrong people.",126.3,/gkiHVcE4ae3BSl1x0K3qaJzpybz.jpg,No experience necessary.,"Adventure, Fantasy, Comedy",9LLOLEBlVIA
361743,Top Gun: Maverick,8.3,7546,2022-05-24,131,/AaV1YIdWKnjAIAOe8UUKBFm327v.jpg,"After more than thirty years of service as one of the Navy’s top aviators, and dodging the advancement in rank that would ground him, Pete “Maverick” Mitchell finds himself training a detachment of TOP GUN graduates for a specialized mission the likes of which no living pilot has ever seen.",126.3,/62HCnUTziyWcpDaBO2i1DX17ljH.jpg,Feel the need... The need for speed.,"Action, Drama",Klc__shdj88
673,Harry Potter and the Prisoner of Azkaban,8.0,20038,2004-05-31,141,/obKmfNexgL4ZP5cAmzdL4KbHHYX.jpg,"Year three at Hogwarts means new fun and challenges as Harry learns the delicate art of approaching a Hippogriff, transforming shape-shifting Boggarts into hilarity and even turning back time. But the term also brings danger: soul-sucking Dementors hover over the school, an ally of the accursed He-Who-Cannot-Be-Named lurks within the castle walls, and fearsome wizard Sirius Black escapes Azkaban. And Harry will confront them all.",124.4,/aWxwnYoe8p2d2fcxOqtvAtJ72Rw.jpg,Something wicked this way comes.,"Adventure, Fantasy",VwErvYgoH70
3134,Baise-moi,4.8,388,2000-06-28,77,/VzGoYOsn18PRcnab6qIJBC1DOs.jpg,"Manu has lived a difficult life. Abused and violently raped, she sets off to find herself only to meet Nadine, a prostitute who has encountered one too many injustices in the world. Angry at the world, they embark on a twisted, rage-filled road trip. They choose to have sex when they please and kill when they need. Leaving a trail of mischief and dead bodies in their wake. Generating a media blitz and manhunt, soon everyone is out to capture the young fugitives.",124.0,/fYijiVwEyP2JsDuSenGOsFNXEbn.jpg,Art or Pornography? You be the judge! Complete and Uncut the most controversial film of all time...A hard-core Thelma & Louise,"Crime, Drama, Romance, Thriller",QrNhnhDN_gA
411,"The Chronicles of Narnia: The Lion, the Witch and the Wardrobe",7.1,9808,2005-12-07,143,/9iRRfMZbnpgHDdKi2lczGGYZXDo.jpg,"Siblings Lucy, Edmund, Susan and Peter step through a magical wardrobe and find the land of Narnia. There, they discover a charming, once peaceful kingdom that has been plunged into eternal winter by the evil White Witch, Jadis. Aided by the wise and magnificent lion, Aslan, the children lead Narnia into a spectacular, climactic battle to be free of the Witch's glacial powers forever.",123.5,/iREd0rNCjYdf5Ar0vfaW32yrkm.jpg,Evil Has Reigned For 100 Years...,"Adventure, Family, Fantasy",ruGHxmjQ180
868759,Ghosted,7.1,1324,2023-04-18,117,/b9UCfDzwiWw7mIFsIQR9ZJUeh7q.jpg,"Salt-of-the-earth Cole falls head over heels for enigmatic Sadie — but then makes the shocking discovery that she’s a secret agent. Before they can decide on a second date, Cole and Sadie are swept away on an international adventure to save the world.",122.8,/liLN69YgoovHVgmlHJ876PKi5Yi.jpg,Finding that special someone can be a real adventure.,"Action, Comedy, Romance",IAdCsNtEuBU
278,The Shawshank Redemption,8.7,24649,1994-09-23,142,/kXfqcdQKsToO0OUXHcrrNCHDBzO.jpg,"Framed in the 1940s for the double murder of his wife and her lover, upstanding banker Andy Dufresne begins a new life at the Shawshank prison, where he puts his accounting skills to work for an amoral warden. During his long stretch in prison, Dufresne comes to be admired by the other inmates -- including an older prisoner named Red -- for his integrity and unquenchable sense of hope.",122.6,/lyQBXzOQSuE59IsHyhrp0qIiPAz.jpg,Fear can hold you prisoner. Hope can set you free.,"Drama, Crime",PLl99DlL6b4
841755,Mortal Kombat Legends: Battle of the Realms,7.7,390,2021-08-31,80,/dssCw0mUmD4EriUmkwB3PnsGu4q.jpg,"The Earthrealm heroes must journey to the Outworld and fight for the survival of their homeland, invaded by the forces of evil warlord Shao Kahn, in the tournament to end all tournaments: the final Mortal Kombat.",122.0,/ablrE8IbWcIrAxMmm4gnPn75AMS.jpg,The battle to end all battles.,"Animation, Action, Fantasy",hRRtd7Etato
767,Harry Potter and the Half-Blood Prince,7.7,18127,2009-07-15,153,/urDWNffjwmNi5IQaezw9GwqkUXa.jpg,"As Lord Voldemort tightens his grip on both the Muggle and wizarding worlds, Hogwarts is no longer a safe haven. Harry suspects perils may even lie within the castle, but Dumbledore is more intent upon preparing him for the final battle fast approaching. Together they work to find the key to unlock Voldemorts defenses and to this end, Dumbledore recruits his old friend and colleague Horace Slughorn, whom he believes holds crucial information. Even as the decisive showdown looms, romance blossoms for Harry, Ron, Hermione and their classmates. Love is in the air, but danger lies ahead and Hogwarts may never be the same again.",121.7,/z7uo9zmQdQwU5ZJHFpv2Upl30i1.jpg,Dark Secrets Revealed,"Adventure, Fantasy",tAiy66Xrsz4
672,Harry Potter and the Chamber of Secrets,7.7,20390,2002-11-13,161,/1stUIsjawROZxjiCMtqqXqgfZWC.jpg,"Cars fly, trees fight back, and a mysterious house-elf comes to warn Harry Potter at the start of his second year at Hogwarts. Adventure and danger await when bloody writing on a wall announces: The Chamber Of Secrets Has Been Opened. To save Hogwarts will require all of Harry, Ron and Hermione’s magical abilities and courage.",121.7,/sdEOH0992YZ0QSxgXNIGLq1ToUi.jpg,Hogwarts is back in session.,"Adventure, Fantasy",nE11U5iBnH0
9890,The Stepford Wives,5.7,1209,2004-06-10,93,/rjUeBEhX3xZ5gN5RNcCwUDGHCqx.jpg,"What does it take to become a Stepford wife, a woman perfect beyond belief? Ask the Stepford husbands, who've created this high-tech, terrifying little town.",121.7,/ygr0Wlmm1KmE16TUefNitIscVBG.jpg,The wives of Stepford have a secret.,"Comedy, Science Fiction, Horror",XfhUO27d16w
613504,After We Collided,7.2,5051,2020-09-02,105,/6hgItrYQEG33y0I7yP2SRl2ei4w.jpg,Tessa finds herself struggling with her complicated relationship with Hardin; she faces a dilemma that could change their lives forever.,121.0,/kiX7UYfOpYrMFSAGbI6j1pFkLzQ.jpg,Can love overcome the past?,"Romance, Drama",2SvwX3ux_-8
810693,Jujutsu Kaisen 0,8.2,1068,2021-12-24,105,/921vUyXdfIYpaXqu5Lnf3nVb4IJ.jpg,"Yuta Okkotsu is a nervous high school student who is suffering from a serious problem—his childhood friend Rika has turned into a curse and won't leave him alone. Since Rika is no ordinary curse, his plight is noticed by Satoru Gojo, a teacher at Jujutsu High, a school where fledgling exorcists learn how to combat curses. Gojo convinces Yuta to enroll, but can he learn enough in time to confront the curse that haunts him?",118.9,/23oJaeBh0FDk2mQ2P240PU9Xxfh.jpg,Fight what's within.,"Animation, Action, Fantasy",2docezZl574
675,Harry Potter and the Order of the Phoenix,7.7,18177,2007-07-08,138,/pkxPkHOPJjOvzfQOclANEBT8OfK.jpg,"Returning for his fifth year of study at Hogwarts, Harry is stunned to find that his warnings about the return of Lord Voldemort have been ignored. Left with no choice, Harry takes matters into his own hands, training a small group of students to defend themselves against the dark arts.",117.2,/5aOyriWkPec0zUDxmHFP9qMmBaj.jpg,Evil Must Be Confronted.,"Adventure, Fantasy",47PHbQTmw5g
616037,Thor: Love and Thunder,6.5,6510,2022-07-06,119,/vvObT0eIWGlArLQx3K5wZ0uT812.jpg,"After his retirement is interrupted by Gorr the God Butcher, a galactic killer who seeks the extinction of the gods, Thor Odinson enlists the help of King Valkyrie, Korg, and ex-girlfriend Jane Foster, who now wields Mjolnir as the Mighty Thor. Together they embark upon a harrowing cosmic adventure to uncover the mystery of the God Butcher’s vengeance and stop him before it’s too late.",117.1,/pIkRyD18kl4FhoCNQuWxWu5cBLM.jpg,The one is not the only.,"Fantasy, Action, Comedy",Go8nTmfrQd8
457232,Lamborghini: The Man Behind the Legend,6.3,322,2022-11-18,97,/lUPz9zW0uf0bHfYsRRID8RtBHEU.jpg,"Follow the launch of Lamborghini’s career as a manufacturer of tractors, a creator of military vehicles during World War II, and the designer of Lamborghini cars, which he launched in 1963 as the high-end sports car company Automobili Lamborghini.",116.8,/RKgnYLhCNGCUkrhiCRrs40rEHe.jpg,,"Drama, History",WjTICfrC25s
246355,Saw,7.0,503,2003-01-01,10,/8d2s5MP8mc1OXaq7zn6PHv9kWY4.jpg,"David, an orderly at a hospital, tells his horrific story of being kidnapped and forced to play a vile game of survival.",115.2,/uvjBl6LHmb5JpAbmSZzeWA1c7Sv.jpg,,"Crime, Horror, Thriller",Py13jdAhR-k
507086,Jurassic World Dominion,6.8,5225,2022-06-01,147,/9eAn20y26wtB3aet7w9lHjuSgZ3.jpg,"Four years after Isla Nublar was destroyed, dinosaurs now live—and hunt—alongside humans all over the world. This fragile balance will reshape the future and determine, once and for all, whether human beings are to remain the apex predators ona planet they now share with history's most fearsome creatures.",113.9,/kAVRgw7GgK1CfYEJq8ME6EvRIgU.jpg,The epic conclusion of the Jurassic era.,"Adventure, Action, Science Fiction",UtxAPXT4174
676547,Prey for the Devil,7.1,778,2022-10-23,93,/94kQGMiFbs5MUTlt7kj9dewsMDi.jpg,"In response to a global rise in demonic possessions, the Catholic Church reopens exorcism schools to train priests in the Rite of Exorcism. On this spiritual battlefield, an unlikely warrior rises: a young nun, Sister Ann. Thrust onto the spiritual frontline with fellow student Father Dante, Sister Ann finds herself in a battle for the soul of a young girl and soon realizes the Devil has her right where he wants her.",112.4,/iCvgemXf2Kpr2LvpDmt5J9NhjKM.jpg,It wants in.,"Horror, Thriller",OkEnG6inG4c
12444,Harry Potter and the Deathly Hallows: Part 1,7.8,17782,2010-11-17,146,/AqLcLsGGTzAjm3pCCq0CZCQrp6m.jpg,"Harry, Ron and Hermione walk away from their last year at Hogwarts to find and destroy the remaining Horcruxes, putting an end to Voldemort's bid for immortality. But with Harry's beloved Dumbledore dead and Voldemort's unscrupulous Death Eaters on the loose, the world is more dangerous than ever.",112.0,/iGoXIpQb7Pot00EEdwpwPajheZ5.jpg,One Way… One Fate… One Hero.,"Adventure, Fantasy",Su1LOpjvdZ4
215,Saw II,6.6,4790,2005-10-28,93,/1lWeIA03iGXTlDv0yzsN0wUdT9T.jpg,"When a new murder victim is discovered with all the signs of Jigsaw's hand, Detective Eric Matthews begins a full investigation and apprehends Jigsaw with little effort. But for Jigsaw, getting caught is just another part of his plan. Eight more of his victims are already fighting for their lives and now it's time for Matthews to join the game.",111.4,/gTnaTysN8HsvVQqTRUh8m35mmUA.jpg,Get Me A Glass Of Water...,Horror,y979drB7EEI
12445,Harry Potter and the Deathly Hallows: Part 2,8.1,19183,2011-07-12,130,/n5A7brJCjejceZmHyujwUTVgQNC.jpg,"Harry, Ron and Hermione continue their quest to vanquish the evil Voldemort once and for all. Just as things begin to look hopeless for the young wizards, Harry discovers a trio of magical objects that endow him with powers to rival Voldemort's formidable skills.",111.0,/c54HpQmuwXjHq2C9wmoACjxoom3.jpg,It all ends here.,"Fantasy, Adventure",kwM3kN8PNOc
1738,Next,6.1,2711,2007-04-25,96,/8OAuQm5Bxg4k4HIYfmcga5rYSzU.jpg,"Las Vegas showroom magician Cris Johnson has a secret which torments him: he can see a few minutes into the future. Sick of the examinations he underwent as a child and the interest of the government and medical establishment in his power, he lies low under an assumed name in Vegas, performing cheap tricks and living off small-time gambling ""winnings."" But when a terrorist group threatens to detonate a nuclear device in Los Angeles, government agent Callie Ferris must use all her wiles to capture Cris and convince him to help her stop the cataclysm.",110.5,/td5uOBW41ib1KGz3g1Kc33BdFyj.jpg,"If you can see the future, you can save it.","Action, Science Fiction, Thriller",wOLv3cqeolk
966220,Sniper: The White Raven,7.7,516,2022-05-03,120,/oal5fDK90yX6b8yunj6JahBqX2J.jpg,"Mykola is an eccentric pacifist who wants to be useful to humanity. When the war begins at Donbass, Mykola’s naive world is collapsing as the militants kill his pregnant wife and burn his home to the ground. Recovered, he makes a cardinal decision and gets enlisted in a sniper company. Having met his wife’s killers, he emotionally breaks down and arranges “sniper terror” for the enemy. He’s saved from a senseless death by his instructor who himself gets mortally wounded. The death of a friend leaves a “scar” and Mykola is ready to sacrifice his life.",110.5,/295gZzTXMvuiIG0U19h4M44PXxI.jpg,"On the battlefield, one bullet can change everything.","War, Action, Drama",cZIhRHSXtyU
427641,Rampage,6.5,6539,2018-04-11,107,/vm8mhrjk5nQ562UQ0KbUzi0yOHr.jpg,"Primatologist Davis Okoye shares an unshakable bond with George, the extraordinarily intelligent, silverback gorilla who has been in his care since birth.  But a rogue genetic experiment gone awry mutates this gentle ape into a raging creature of enormous size.  To make matters worse, it’s soon discovered there are other similarly altered animals.  As these newly created alpha predators tear across North America, destroying everything in their path, Okoye teams with a discredited genetic engineer to secure an antidote, fighting his way through an ever-changing battlefield, not only to halt a global catastrophe but to save the fearsome creature that was once his friend.",109.0,/MGADip4thVSErP34FAAfzFBTZ5.jpg,Big meets bigger,"Action, Adventure, Science Fiction",-nEB0oCwgxI
829560,The Next 365 Days,6.5,860,2022-08-19,112,/6cpRpfD3isvluFwXDGSiDVyibPJ.jpg,Laura and Massimo's relationship hangs in the balance as they try to overcome trust issues while a tenacious Nacho works to push them apart.,109.0,/6FsGeIp7heHm5eh4tIxTzHIRxmt.jpg,,"Romance, Drama",iXdw5wYI4cY
150540,Inside Out,7.9,19463,2015-06-09,95,/j29ekbcLpBvxnGk6LjdTc2EI5SA.jpg,"Growing up can be a bumpy road, and it's no exception for Riley, who is uprooted from her Midwest life when her father starts a new job in San Francisco. Riley's guiding emotions— Joy, Fear, Anger, Disgust and Sadness—live in Headquarters, the control centre inside Riley's mind, where they help advise her through everyday life and tries to keep things positive, but the emotions conflict on how best to navigate a new city, house and school.",107.3,/2H1TmgdfNtsKlU9jKdeNyYL5y8T.jpg,Meet the little voices inside your head.,"Animation, Family, Adventure, Drama, Comedy",1HFv47QHWJU
646385,Scream,6.7,2739,2022-01-12,114,/ifUfE79O1raUwbaQRIB7XnFz5ZC.jpg,"Twenty-five years after a streak of brutal murders shocked the quiet town of Woodsboro, a new killer has donned the Ghostface mask and begins targeting a group of teenagers to resurrect secrets from the town’s deadly past.",107.0,/nD4M4Bx457ryLuKYpxFwQ2IBJ5w.jpg,It's always someone you know.,"Horror, Mystery, Thriller",nRwLyKIBNU8
9479,The Nightmare Before Christmas,7.8,8484,1993-10-09,76,/xWT5F1DNxciNLEMXRl49iq8zvN7.jpg,"Tired of scaring humans every October 31 with the same old bag of tricks, Jack Skellington, the spindly king of Halloween Town, kidnaps Santa Claus and plans to deliver shrunken heads and other ghoulish gifts to children on Christmas morning. But as Christmas approaches, Jack's rag-doll girlfriend, Sally, tries to foil his misguided plans.",106.8,/oQffRNjK8e19rF7xVYEN8ew0j7b.jpg,"This is Halloween, everybody make a scene!","Fantasy, Animation, Family",IoYahD_xNR0
890771,The Black Demon,6.2,515,2023-04-26,101,/9t0tJXcOdWwwxmGTk112HGDaT0Q.jpg,"Oilman Paul Sturges' idyllic family vacation turns into a nightmare when they encounter a ferocious megalodon shark that will stop at nothing to protect its territory. Stranded and under constant attack, Paul and his family must somehow find a way to get his family back to shore alive before it strikes again in this epic battle between humans and nature.",106.1,/6ecSjKSjgIULyHfrfyyg9vgAI33.jpg,Nature bites back.,"Horror, Thriller",1FRtbDz6U1Y
14836,Coraline,7.9,6950,2009-02-05,100,/8GHxjXlI5rqyTBuVNekGTPjG5T6.jpg,"A young girl discovers an idealized parallel universe behind a secret door in her new home, unaware that it contains a sinister secret.",105.9,/4jeFXQYytChdZYE9JYO7Un87IlW.jpg,Be careful what you wish for.,"Animation, Family, Fantasy",T6iQnnHNF50
138843,The Conjuring,7.5,10683,2013-07-18,112,/aQCCpAIdWAp6wyFgjMry4okwrZo.jpg,"Paranormal investigators Ed and Lorraine Warren work to help a family terrorized by a dark presence in their farmhouse. Forced to confront a powerful entity, the Warrens find themselves caught in the most terrifying case of their lives.",105.4,/wVYREutTvI2tmxr6ujrHT704wGF.jpg,Based on the true case files of the Warrens,"Horror, Thriller",k10ETZ41q5o
445651,The Darkest Minds,7.1,2617,2018-07-25,105,/rPBeEi1tU8IhQ9rbdnlLU0d0NR.jpg,"After a disease kills 98% of America's children, the surviving 2% develop superpowers and are placed in internment camps. A 16-year-old girl escapes her camp and joins a group of other teens on the run from the government.",105.3,/8Mk1Z4RkxdsVAD2L2qcDho00zPo.jpg,The ones who changed will change everything,"Action, Adventure, Drama",L4YtUUk6lcg
436270,Black Adam,7.0,5467,2022-10-19,124,/bQXAqRx2Fgc46uCVWgoPz5L5Dtr.jpg,"Nearly 5,000 years after he was bestowed with the almighty powers of the Egyptian gods—and imprisoned just as quickly—Black Adam is freed from his earthly tomb, ready to unleash his unique form of justice on the modern world.",104.8,/pFlaoHTZeyNkG83vxsAJiGzfSsa.jpg,Power born from rage.,"Action, Adventure, Science Fiction",mkomfZHG5q4
588228,The Tomorrow War,7.6,2806,2021-09-03,138,/yizL4cEKsVvl17Wc1mGEIrQtM2F.jpg,"The world is stunned when a group of time travelers arrive from the year 2051 to deliver an urgent message: Thirty years in the future, mankind is losing a global war against a deadly alien species. The only hope for survival is for soldiers and civilians from the present to be transported to the future and join the fight. Among those recruited is high school teacher and family man Dan Forester. Determined to save the world for his young daughter, Dan teams up with a brilliant scientist and his estranged father in a desperate quest to rewrite the fate of the planet.",103.9,/34nDCQZwaEvsy4CFO5hkGRFDCVU.jpg,The fight for tomorrow begins today.,"Action, Science Fiction, Adventure",RQjEbkV-9ZM
41439,Saw 3D,6.0,2664,2010-10-22,90,/xueYI4YoaXIzZ1mxZrs4FWImUCd.jpg,"As a deadly battle rages over Jigsaw's brutal legacy, a group of Jigsaw survivors gathers to seek the support of self-help guru and fellow survivor Bobby Dagen, a man whose own dark secrets unleash a new wave of terror.",103.7,/qHCZ6LjtmqWDfXXN28TlIC9OppK.jpg,Do you want to play a final game?,"Horror, Crime",A1PxwwdEXao
214,Saw III,6.4,4010,2006-10-26,109,/qx8Pb3nVnHLBizI9792pbRN5nnm.jpg,"Jigsaw has disappeared. Along with his new apprentice Amanda, the puppet-master behind the cruel, intricate games that have terrified a community and baffled police has once again eluded capture and vanished. While city detective scrambles to locate him, Doctor Lynn Denlon and Jeff Reinhart are unaware that they are about to become the latest pawns on his vicious chessboard.",103.3,/9wEGgXytb6Xy26MFtDq2rsiQBLs.jpg,Suffering? You Haven't Seen Anything Yet...,"Horror, Thriller, Crime",Whxt7ewIbGo
585083,Hotel Transylvania: Transformania,7.0,1642,2022-02-25,92,/ep1urICLqtwwV1sTPHP9WXV4Uto.jpg,"When Van Helsing's mysterious invention, the ""Monsterfication Ray,"" goes haywire, Drac and his monster pals are all transformed into humans, and Johnny becomes a monster. In their new mismatched bodies, Drac and Johnny must team up and race across the globe to find a cure before it's too late, and before they drive each other crazy.",102.4,/teCy1egGQa0y8ULJvlrDHQKnxBL.jpg,Change can be scary.,"Animation, Comedy, Family, Adventure, Fantasy",6suJohjIvfo
597,Titanic,7.9,23637,1997-11-18,194,/rzdPqYx7Um4FUZeD8wpXqjAUcEm.jpg,"101-year-old Rose DeWitt Bukater tells the story of her life aboard the Titanic, 84 years later. A young Rose boards the ship with her mother and fiancé. Meanwhile, Jack Dawson and Fabrizio De Rossi win third-class tickets aboard the ship. Rose tells the whole story from Titanic's departure through to its death—on its first and last voyage—on April 15, 1912.",102.3,/9xjZS2rlVxm8SFx8kPC3aIGCOYQ.jpg,Nothing on Earth could come between them.,"Drama, Romance",oHY7D7K58BM
406563,Insidious: The Last Key,6.3,2679,2018-01-03,103,/PwI3EfasE9fVuXsmMu9ffJh0Re.jpg,"Parapsychologist Elise Rainier and her team travel to Five Keys, NM, to investigate a man’s claim of a haunting. Terror soon strikes when Rainier realizes that the house he lives in was her family’s old home.",102.1,/nb9fc9INMg8kQ8L7sE7XTNsZnUX.jpg,Fear comes home.,"Horror, Mystery, Thriller",acQyrwQyCOk
619930,Narvik,6.8,304,2022-12-25,108,/ogFIG0fNXEYRQKrpnoRJcXQNX9n.jpg,"April, 1940. The eyes of the world are on Narvik, a small town in northern Norway, a source of the iron ore needed for Hitler's war machine. Through two months of fierce winter warfare, the German leader is dealt with his first defeat.",101.9,/gU4mmINWUF294Wzi8mqRvi6peMe.jpg,Hitler's First Defeat,"War, Drama, History, Action",aF2G_3jGkiM
345940,The Meg,6.3,7018,2018-08-09,113,/6bAjogOzrB9xbmIaY3BRpZZgn5Q.jpg,"A deep sea submersible pilot revisits his past fears in the Mariana Trench, and accidentally unleashes the seventy foot ancestor of the Great White Shark believed to be extinct.",101.4,/eyWICPcxOuTcDDDbTMOZawoOn8d.jpg,Pleased to eat you,"Action, Science Fiction, Horror",b_4uXy2Y1SQ
760104,X,6.8,2235,2022-03-17,106,/70Rm9ItxKuEKN8iu6rNjfwAYUCJ.jpg,"In 1979, a group of young filmmakers set out to make an adult film in rural Texas, but when their reclusive, elderly hosts catch them in the act, the cast find themselves fighting for their lives.",101.3,/woTQx9Q4b8aO13jR9dsj8C9JESy.jpg,Dying to show you a good time.,Horror,Awg3cWuHfoc
414906,The Batman,7.7,8584,2022-03-01,177,/b0PlSFdDwbyK0cf5RxwDpaOJQvQ.jpg,"In his second year of fighting crime, Batman uncovers corruption in Gotham City that connects to his own family while facing a serial killer known as the Riddler.",100.8,/74xTEgt7R36Fpooo50r9T25onhq.jpg,Unmask the truth.,"Crime, Mystery, Thriller",vc7_mH2PWHs
536554,M3GAN,7.2,3210,2022-12-28,102,/dlrWhn0G3AtxYUx2D9P2bmzcsvF.jpg,"A brilliant toy company roboticist uses artificial intelligence to develop M3GAN, a life-like doll programmed to emotionally bond with her newly orphaned niece. But when the doll's programming works too well, she becomes overprotective of her new friend with terrifying results.",100.6,/d9nBoowhjiiYc4FBNtQkPY7c11H.jpg,Friendship has evolved.,"Science Fiction, Horror",OoDHM_A1axc
122,The Lord of the Rings: The Return of the King,8.5,22334,2003-12-01,201,/2u7zbn8EudG6kLlBzUYqP8RyFU4.jpg,"Aragorn is revealed as the heir to the ancient kings as he, Gandalf and the other members of the broken fellowship struggle to save Gondor from Sauron's forces. Meanwhile, Frodo and Sam take the ring closer to the heart of Mordor, the dark lord's realm.",99.3,/rCzpDGLbOoPwLjy3OAm5NUPOTrC.jpg,The eye of the enemy is moving.,"Adventure, Fantasy, Action",zckJCxYxn1g
399566,Godzilla vs. Kong,7.7,9080,2021-03-24,114,/inJjDhCjfhh3RtrJWBmmDqeuSYC.jpg,"In a time when monsters walk the Earth, humanity’s fight for its future sets Godzilla and Kong on a collision course that will see the two most powerful forces of nature on the planet collide in a spectacular battle for the ages.",99.0,/pgqgaUx1cJb5oZQQ5v0tNARCeBp.jpg,One Will Fall,"Action, Science Fiction, Thriller",odM92ap8_c0
921636,The Out-Laws,6.2,497,2023-07-07,95,/fjWcAbHRxCSR4kLGvsPEhNjR2ts.jpg,"A straight-laced bank manager is about to marry the love of his life. When his bank is held up by infamous Ghost Bandits during his wedding week, he believes his future in-laws who just arrived in town, are the infamous Out-Laws.",98.5,/5dliMQ2ODbGNoq0hlefdnuXQxMw.jpg,Meeting the in-laws has never been this dangerous.,"Romance, Action, Comedy",R8xepj9wpi4
177572,Big Hero 6,7.7,14732,2014-10-24,102,/5tub2Kw6NboWFblA1CgDEwB59jP.jpg,"A special bond develops between plus-sized inflatable robot Baymax, and prodigy Hiro Hamada, who team up with a group of friends to form a band of high-tech heroes.",98.4,/2mxS4wUimwlLmI1xp6QW6NSU361.jpg,,"Adventure, Family, Animation, Action, Comedy",8IdMPpKMdcc
269149,Zootopia,7.7,15230,2016-02-11,109,/p2fRZzxla6NoRbIH2KOZq0gHb5S.jpg,"Determined to prove herself, Officer Judy Hopps, the first bunny on Zootopia's police force, jumps at the chance to crack her first case - even if it means partnering with scam-artist fox Nick Wilde to solve the mystery.",98.1,/hlK0e0wAQ3VLuJcsfIYPvb4JVud.jpg,Welcome to the urban jungle.,"Animation, Adventure, Family, Comedy",jWM0ct-OLsM
24428,The Avengers,7.7,29166,2012-04-25,143,/9BBTo63ANSmhC4e6r62OJFuK2GL.jpg,"When an unexpected enemy emerges and threatens global safety and security, Nick Fury, director of the international peacekeeping agency known as S.H.I.E.L.D., finds himself in need of a team to pull the world back from the brink of disaster. Spanning the globe, a daring recruitment effort begins!",98.1,/RYMX2wcKCBAr24UyPD7xwmjaTn.jpg,Some assembly required.,"Science Fiction, Action, Adventure",hIR8Ar-Z4hw
585511,Luck,7.8,1443,2022-08-05,105,/sKvQUSyqsFq8e1ts6oo3Xp3dPH2.jpg,"Suddenly finding herself in the never-before-seen Land of Luck, the unluckiest person in the world must unite with the magical creatures there to turn her luck around.",97.9,/1HOYvwGFioUFL58UVvDRG6beEDm.jpg,Sometimes all you need is for everything to go wrong.,"Animation, Adventure, Comedy, Fantasy",xSG5UX0EQVg
804150,Cocaine Bear,6.2,1449,2023-02-22,96,/a2tys4sD7xzVaogPntGsT1ypVoT.jpg,"Inspired by a true story, an oddball group of cops, criminals, tourists and teens converge in a Georgia forest where a 500-pound black bear goes on a murderous rampage after unintentionally ingesting cocaine.",97.9,/gOnmaxHo0412UVr1QM5Nekv1xPi.jpg,Get in line.,"Thriller, Comedy, Crime",DuWEEKeJLMI
106646,The Wolf of Wall Street,8.0,22222,2013-12-25,180,/63y4XSVTZ7mRzAzkqwi3o0ajDZZ.jpg,"A New York stockbroker refuses to cooperate in a large securities fraud case involving corruption on Wall Street, corporate banking world and mob infiltration. Based on Jordan Belfort's autobiography.",97.4,/34m2tygAYBGqA9MXKhRDtzYd4MR.jpg,Earn. Spend. Party.,"Crime, Drama, Comedy",Slj4-Sv-YNA
635302,Demon Slayer -Kimetsu no Yaiba- The Movie: Mugen Train,8.3,3413,2020-10-16,117,/xPpXYnCWfjkt3zzE0dpCNME1pXF.jpg,"Tanjiro Kamado, joined with Inosuke Hashibira, a boy raised by boars who wears a boar's head, and Zenitsu Agatsuma, a scared boy who reveals his true power when he sleeps, boards the Infinity Train on a new mission with the Fire Hashira, Kyojuro Rengoku, to defeat a demon who has been tormenting the people and killing the demon slayers who oppose it!",96.8,/h8Rb9gBr48ODIwYUttZNYeMWeUU.jpg,"With your blade, bring an end to the nightmare.","Action, Animation, Adventure, Fantasy, Thriller",v30H0qj_b9E
99861,Avengers: Age of Ultron,7.3,21754,2015-04-22,141,/6YwkGolwdOMNpbTOmLjoehlVWs5.jpg,"When Tony Stark tries to jumpstart a dormant peacekeeping program, things go awry and Earth’s Mightiest Heroes are put to the ultimate test as the fate of the planet hangs in the balance. As the villainous Ultron emerges, it is up to The Avengers to stop him from enacting his terrible plans, and soon uneasy alliances and unexpected action pave the way for an epic and unique global adventure.",96.6,/4ssDuvEDkSArWEdyBl2X5EHvYKU.jpg,A new age has come.,"Action, Adventure, Science Fiction",JAUoeqvedMo
453395,Doctor Strange in the Multiverse of Madness,7.4,7991,2022-05-04,126,/jhXwGdyj2f5ZxCYZBKfBNcGBbWx.jpg,"Doctor Strange, with the help of mystical allies both old and new, traverses the mind-bending and dangerous alternate realities of the Multiverse to confront a mysterious new adversary.",96.5,/9Gtg2DzBhmYamXBS1hKAhiwbBKS.jpg,Enter a new dimension of Strange.,"Fantasy, Action, Adventure",Rf8LAYJSOL8
216015,Fifty Shades of Grey,5.9,11101,2015-02-11,125,/mgY8An5qVCgLh97KOWeJVJarskL.jpg,"When college senior Anastasia Steele steps in for her sick roommate to interview prominent businessman Christian Grey for their campus paper, little does she realize the path her life will take. Christian, as enigmatic as he is rich and powerful, finds himself strangely drawn to Ana, and she to him. Though sexually inexperienced, Ana plunges headlong into an affair -- and learns that Christian's true sexual proclivities push the boundaries of pain and pleasure.",96.3,/63kGofUkt1Mx0SIL4XI4Z5AoSgt.jpg,Are you curious?,"Drama, Romance, Thriller",6FDTMRK7-24
980078,Winnie the Pooh: Blood and Honey,5.5,835,2023-01-27,84,/wD2kUCX1Bb6oeIb2uz7kbdfLP6k.jpg,"Christopher Robin is headed off to college and he has abandoned his old friends, Pooh and Piglet, which then leads to the duo embracing their inner monsters.",96.2,/ewF3IlGscc7FjgGEPcQvZsAsgAW.jpg,This ain't no bedtime story.,"Horror, Thriller",dcpcwARBMJ4
646389,Plane,7.0,1753,2023-01-12,107,/9Rq14Eyrf7Tu1xk0Pl7VcNbNh1n.jpg,"After a heroic job of successfully landing his storm-damaged aircraft in a war zone, a fearless pilot finds himself between the agendas of multiple militias planning to take the plane and its passengers hostage.",95.2,/qi9r5xBgcc9KTxlOLjssEbDgO0J.jpg,Survive together or die alone.,"Action, Adventure, Thriller",7-6_Ulo7mdk
73723,The Lorax,6.5,3213,2012-03-01,86,/sWulI556AJZ1DAQnxyAvnAAY6nd.jpg,"A 12-year-old boy searches for the one thing that will enable him to win the affection of the girl of his dreams. To find it he must discover the story of the Lorax, the grumpy yet charming creature who fights to protect his world.",94.8,/tePFnZFw5JvjwjQjaKkqDPNMLPU.jpg,Meet the original force of nature.,"Animation, Family",XbGnmKPSq9k
9552,The Exorcist,7.7,7247,1973-12-26,122,/huC0x1don81NMreSGx4ITkrv9aG.jpg,"12-year-old Regan MacNeil begins to adapt an explicit new personality as strange events befall the local area of Georgetown. Her mother becomes torn between science and superstition in a desperate bid to save her daughter, and ultimately turns to her last hope: Father Damien Karras, a troubled priest who is struggling with his own faith.",94.7,/4ucLGcXVVSVnsfkGtbLY4XAius8.jpg,"Something almost beyond comprehension is happening to a girl on this street, in this house… and a man has been sent for as a last resort. This man is The Exorcist.",Horror,BU2eYAO31Cc
808,Shrek,7.7,15765,2001-05-18,90,/sRvXNDItGlWCqtO3j6wks52FmbD.jpg,"It ain't easy bein' green -- especially if you're a likable (albeit smelly) ogre named Shrek. On a mission to retrieve a gorgeous princess from the clutches of a fire-breathing dragon, Shrek teams up with an unlikely compatriot -- a wisecracking donkey.",94.5,/dyhaB19AICF7TO7CK2aD6KfymnQ.jpg,The greatest fairy tale never told.,"Animation, Comedy, Fantasy, Adventure, Family",ppDwfm6e498
249397,Nymphomaniac: Vol. II,6.8,2675,2013-12-25,124,/8qkDwjTFoLAwmYh2J9HMeIDRlxd.jpg,The continuation of Joe's sexually dictated life delves into the darker aspects of her adult life and what led to her being in Seligman's care.,94.1,/fYLbO4UpumgNHVnsyDQkXG87Q1k.jpg,Forget About Love,"Drama, Mystery",zu82Gs-nMsw
122917,The Hobbit: The Battle of the Five Armies,7.3,13301,2014-12-10,144,/bVmSXNgH1gpHYTDyF9Q826YwJT5.jpg,"Immediately after the events of The Desolation of Smaug, Bilbo and the dwarves try to defend Erebor's mountain of treasure from others who claim it: the men of the ruined Laketown and the elves of Mirkwood. Meanwhile an army of Orcs led by Azog the Defiler is marching on Erebor, fueled by the rise of the dark lord Sauron. Dwarves, elves and men must unite, and the hope for Middle-Earth falls into Bilbo's hands.",94.0,/xT98tLqatZPQApyRmlPL12LtiWp.jpg,Witness the defining chapter of the Middle-Earth saga,"Action, Adventure, Fantasy",Y6Fv5StfAxA
337167,Fifty Shades Freed,6.7,7511,2018-01-17,105,/9ywA15OAiwjSTvg3cBs9B7kOCBF.jpg,"Believing they have left behind shadowy figures from their past, newlyweds Christian and Ana fully embrace an inextricable connection and shared life of luxury. But just as she steps into her role as Mrs. Grey and he relaxes into an unfamiliar stability, new threats could jeopardize their happy ending before it even begins.",93.4,/9ZedQHPQVveaIYmDSTazhT3y273.jpg,Don't Miss the Climax,"Drama, Romance",nJCc5HRPxYA
508947,Turning Red,7.4,4484,2022-03-10,100,/fOy2Jurz9k6RnJnMUMRDAgBwru2.jpg,"Thirteen-year-old Mei is experiencing the awkwardness of being a teenager with a twist – when she gets too excited, she transforms into a giant red panda.",93.2,/qsdjk9oAKSQMWs0Vt5Pyfh6O4GZ.jpg,Growing up is a beast.,"Animation, Family, Comedy, Fantasy",XdKzUbAiswE
663,Saw IV,6.2,3349,2007-10-25,93,/yi0tfJBw9icvlWTXvjLqpEeSTia.jpg,"Jigsaw and his apprentice Amanda are dead. Now, upon the news of Detective Kerry's murder, two seasoned FBI profilers, Agent Strahm and Agent Perez, arrive in the terrified community to assist the veteran Detective Hoffman in sifting through Jigsaw's latest grisly remains and piecing together the puzzle. However, when SWAT Commander Rigg is abducted and thrust into a game, the last officer untouched by Jigsaw has but ninety minutes to overcome a series of demented traps and save an old friend...or face the deadly consequences.",93.0,/e3pLI0qN1AKGHwOcMuwTpyI2SLN.jpg,You think it is over... but the games have just begun.,"Horror, Thriller, Crime",OxwdZMMymqY
13,Forrest Gump,8.5,25409,1994-06-23,142,/qdIMHd4sEfJSckfVJfKQvisL02a.jpg,"A man with a low IQ has accomplished great things in his life and been present during significant historic events—in each case, far exceeding what anyone imagined he could do. But despite all he has achieved, his one true love eludes him.",92.7,/arw2vcBveWOVZr6pxd9XTd1TdQa.jpg,The world will never be the same once you've seen it through the eyes of Forrest Gump.,"Comedy, Drama, Romance",Mj9IA9tTfio
126889,Alien: Covenant,6.1,7822,2017-05-09,122,/6jajFcaY2YsfGQstJ5HaqZNVseX.jpg,"Bound for a remote planet on the far side of the galaxy, the crew of the colony ship 'Covenant' discovers what is thought to be an uncharted paradise, but is actually a dark, dangerous world—which has a sole inhabitant: the 'synthetic', David, survivor of the doomed Prometheus expedition.",92.5,/zecMELPbU5YMQpC81Z8ImaaXuf9.jpg,The path to paradise begins in hell.,"Science Fiction, Horror, Mystery",svnAD0TApb8
829557,365 Days: This Day,5.8,1207,2022-04-27,111,/zBG5Mg29NH9xxpWMMG7BIvKwYhL.jpg,"Laura and Massimo are back and hotter than ever. But the reunited couple's new beginning is complicated by Massimo’s family ties and a mysterious man who enters Laura’s life to win her heart and trust, at any cost.",91.9,/7qU0SOVcQ8BTJLodcAlulUAG16C.jpg,Oh Yes.,"Romance, Drama",pyM3z73oMAk
299534,Avengers: Endgame,8.3,23857,2019-04-24,181,/7RyHsO4yDXtBv1zUU3mTpHeQ0d5.jpg,"After the devastating events of Avengers: Infinity War, the universe is in ruins due to the efforts of the Mad Titan, Thanos. With the help of remaining allies, the Avengers must assemble once more in order to undo Thanos' actions and restore order to the universe once and for all, no matter what consequences may be in store.",91.8,/or06FN3Dka5tukK1e9sl16pB3iy.jpg,Avenge the fallen.,"Adventure, Science Fiction, Action",L2NAh3CIdig
141052,Justice League,6.1,12263,2017-11-15,120,/2nyaeISu2xIxIgZYNpX4UayY8PN.jpg,"Fuelled by his restored faith in humanity and inspired by Superman's selfless act, Bruce Wayne and Diana Prince assemble a team of metahumans consisting of Barry Allen, Arthur Curry and Victor Stone to face the catastrophic threat of Steppenwolf and the Parademons who are on the hunt for three Mother Boxes on Earth.",91.1,/eifGNCSDuxJeS1loAXil5bIGgvC.jpg,You can't save the world alone,"Action, Adventure, Science Fiction",PXrgvNXfN7M
14160,Up,7.9,18857,2009-05-28,96,/hGGC9gKo7CFE3fW07RA587e5kol.jpg,"Carl Fredricksen spent his entire life dreaming of exploring the globe and experiencing life to its fullest. But at age 78, life seems to have passed him by, until a twist of fate (and a persistent 8-year old Wilderness Explorer named Russell) gives him a new lease on life.",91.0,/vpbaStTMt8qqXaEgnOR2EE4DNJk.jpg,The greatest adventure is just getting back home.,"Animation, Comedy, Family, Adventure",Ajcdb4FAL7A
930094,"Red, White & Royal Blue",8.2,805,2023-07-27,121,/csz3oWxd04wgXUzenXgenIVwXGl.jpg,"After an altercation between Alex, the president's son, and Britain's Prince Henry at a royal event becomes tabloid fodder, their long-running feud now threatens to drive a wedge in U.S./British relations. When the rivals are forced into a staged truce, their icy relationship begins to thaw and the friction between them sparks something deeper than they ever expected.",90.6,/uffOY4W354o9RTRmercFyVvl56Z.jpg,Love who you want. It's good foreign policy.,"Comedy, Romance",pt56IC8gDZ4
228150,Fury,7.5,11021,2014-10-15,135,/kdbLf3aTQsEXqYlH9vA4fzmnSFz.jpg,"In the last months of World War II, as the Allies make their final push in the European theatre, a battle-hardened U.S. Army sergeant named 'Wardaddy' commands a Sherman tank called 'Fury' and its five-man crew on a deadly mission behind enemy lines. Outnumbered and outgunned, Wardaddy and his men face overwhelming odds in their heroic attempts to strike at the heart of Nazi Germany.",90.4,/pfte7wdMobMF4CVHuOxyu6oqeeA.jpg,War never ends quietly.,"War, Drama, Action",09w9MTtZDEM
580489,Venom: Let There Be Carnage,6.8,9182,2021-09-30,97,/vIgyYkXkg6NC2whRbYjBD7eb3Er.jpg,"After finding a host body in investigative reporter Eddie Brock, the alien symbiote must face a new enemy, Carnage, the alter ego of serial killer Cletus Kasady.",90.0,/rjkmN1dniUHVYAtwuV3Tji7FsDO.jpg,The universe needs Venom.,"Science Fiction, Action, Adventure",GVwq2HlKYpE
566525,Shang-Chi and the Legend of the Ten Rings,7.6,8481,2021-09-01,132,/rAksPS6LjBONzY84szQBz5gGej6.jpg,Shang-Chi must confront the past he thought he left behind when he is drawn into the web of the mysterious Ten Rings organization.,89.8,/9f2Q0U3IOsLgrI2HkvldwSABZy5.jpg,You can't outrun your destiny.,"Action, Adventure, Fantasy",8YjFbMbfXaQ
27578,The Expendables,6.2,7225,2010-08-03,103,/eRvo5lY5SRsm163Csqtd7lRxaAE.jpg,"Barney Ross leads a band of highly skilled mercenaries including knife enthusiast Lee Christmas, a martial arts expert Yin Yang, heavy weapons specialist Hale Caesar, demolitionist Toll Road, and a loose-cannon sniper Gunner Jensen. When the group is commissioned by the mysterious Mr. Church to assassinate the dictator of a small South American island, Barney and Lee visit the remote locale to scout out their opposition and discover the true nature of the conflict engulfing the city.",89.7,/j09ZkH6R4JWVylBcDai1laCmGw7.jpg,Choose your weapon.,"Thriller, Adventure, Action",G_OQpXk8vAQ
181812,Star Wars: The Rise of Skywalker,6.4,9047,2019-12-18,142,/jOzrELAzFxtMx2I4uDGHOotdfsS.jpg,"The surviving Resistance faces the First Order once again as the journey of Rey, Finn and Poe Dameron continues. With the power and knowledge of generations behind them, the final battle begins.",89.7,/db32LaOibwEliAmSL2jjDF6oDdj.jpg,Every generation has a legend,"Adventure, Action, Science Fiction",8Qn_spdM5Zg
138103,The Expendables 3,6.2,4611,2014-08-07,126,/sJDBJxKWG7h3VpG6jc9Mm9bw4kG.jpg,"Barney, Christmas and the rest of the team comes face-to-face with Conrad Stonebanks, who years ago co-founded The Expendables with Barney. Stonebanks subsequently became a ruthless arms trader and someone who Barney was forced to kill… or so he thought. Stonebanks, who eluded death once before, now is making it his mission to end The Expendables -- but Barney has other plans. Barney decides that he has to fight old blood with new blood, and brings in a new era of Expendables team members, recruiting individuals who are younger, faster and more tech-savvy. The latest mission becomes a clash of classic old-school style versus high-tech expertise in the Expendables’ most personal battle yet.",89.7,/ruW3malZtlg66ODfg614dFbXO68.jpg,New team. New attitude. New mission.,"Action, Adventure, Thriller",KATn_m-AX9I
47964,A Good Day to Die Hard,5.3,6052,2013-02-06,98,/mV1HOCbUqx7nfFPwledYsvMYHrw.jpg,"Iconoclastic, take-no-prisoners cop John McClane, finds himself for the first time on foreign soil after traveling to Moscow to help his wayward son Jack - unaware that Jack is really a highly-trained CIA operative out to stop a nuclear weapons heist. With the Russian underworld in pursuit, and battling a countdown to war, the two McClanes discover that their opposing methods make them unstoppable heroes.",88.9,/evxtv4e8Amm436Y5rW16RkGu8pX.jpg,Yippee Ki-Yay Mother Russia,"Action, Thriller",mXTImBrEKUc
22804,Saw VI,6.3,2820,2009-10-22,90,/28Py2yEcdwe9gjDo9KU8tfKXwcv.jpg,"Special Agent Strahm is dead, and Detective Hoffman has emerged as the unchallenged successor to Jigsaw's legacy. However, when the FBI draws closer to Hoffman, he is forced to set a game into motion, and Jigsaw's grand scheme is finally understood.",88.8,/6lSBajR9hahr8JPLH0ErQnPdgtH.jpg,The game has come full circle.,"Horror, Thriller",iadkoC3aIEs
11,Star Wars,8.2,19155,1977-05-25,121,/zqkmTXzjkAgXmEWLRsY4UpTWCeo.jpg,Princess Leia is captured and held hostage by the evil Imperial forces in their effort to take over the galactic Empire. Venturesome Luke Skywalker and dashing captain Han Solo team together with the loveable robot duo R2-D2 and C-3PO to rescue the beautiful princess and restore peace and justice in the Empire.,88.6,/6FfCtAuVAW8XJjZ7eWeLibRLWTw.jpg,"A long time ago in a galaxy far, far away...","Adventure, Action, Science Fiction",i-vsILeJ8_8
324552,John Wick: Chapter 2,7.3,12007,2017-02-08,122,/r17jFHAemzcWPPtoO0UxjIX0xas.jpg,"John Wick is forced out of retirement by a former associate looking to seize control of a shadowy international assassins’ guild. Bound by a blood oath to aid him, Wick travels to Rome and does battle against some of the world’s most dangerous killers.",88.3,/hXWBc0ioZP3cN4zCu6SN3YHXZVO.jpg,Never stab the devil in the back.,"Action, Thriller, Crime",LZrX9mffH8Y
39254,Real Steel,7.0,7571,2011-09-28,127,/4f0Kj0QwPui5ydu1UavsnvP1m1o.jpg,"Charlie Kenton is a washed-up fighter who retired from the ring when robots took over the sport. After his robot is trashed, he reluctantly teams up with his estranged son to rebuild and train an unlikely contender.",88.2,/4GIeI5K5YdDUkR3mNQBoScpSFEf.jpg,Courage is stronger than steel.,"Action, Science Fiction, Drama",obYuPJH2oTE
8920,Garfield,5.7,3628,2004-06-10,80,/6SSEa1OfqrHGg7XTLNTxbyyioRB.jpg,"Garfield, the fat, lazy, lasagna lover, has everything a cat could want. But when Jon, in an effort to impress the Liz - the vet and an old high-school crush - adopts a dog named Odie and brings him home, Garfield gets the one thing he doesn't want. Competition.",87.4,/vqwTSWNLyH55g8kBT61s2DgNYEp.jpg,Get ready for frisky business.,"Animation, Comedy, Family",5g1SLGRM6qU
8587,The Lion King,8.3,16991,1994-06-24,89,/yDaMQbBfyGzGWKxUsPMxzWVuJlY.jpg,"A young lion prince is cast out of his pride by his cruel uncle, who claims he killed his father. While the uncle rules with an iron paw, the prince grows up beyond the Savannah, living by a philosophy: No worries for the rest of your days. But when his past comes to haunt him, the young prince must decide his fate: Will he remain an outcast or face his demons and become what he needs to be?",87.4,/sKCr78MXSLixwmZ8DyJLrpMsd15.jpg,Life's greatest adventure is finding your place in the Circle of Life.,"Family, Animation, Drama",lFzVJEksoDY
120,The Lord of the Rings: The Fellowship of the Ring,8.4,23323,2001-12-18,179,/x2RS3uTcsJJ9IfjNPcgDmukoEcQ.jpg,"Young hobbit Frodo Baggins, after inheriting a mysterious ring from his uncle Bilbo, must leave his home in order to keep it from falling into the hands of its evil creator. Along the way, a fellowship is formed to protect the ringbearer and make sure that the ring arrives at its final destination: Mt. Doom, the only place where it can be destroyed.",87.0,/6oom5QYQ2yQTMJIbnvbkBL9cHo6.jpg,One ring to rule them all,"Adventure, Fantasy, Action",_nZdmwHrcnw
585,"Monsters, Inc.",7.8,17189,2001-11-01,92,/vUTVUdfbsY4DePCYzxxDMXKp6v6.jpg,"Lovable Sulley and his wisecracking sidekick Mike Wazowski are the top scare team at Monsters, Inc., the scream-processing factory in Monstropolis. When a little girl named Boo wanders into their world, it's the monsters who are scared silly, and it's up to Sulley and Mike to keep her out of sight and get her back home.",86.9,/sgheSKxZkttIe8ONsf2sWXPgip3.jpg,We Scare Because We Care.,"Animation, Comedy, Family",6tCxnHCqqxg
370663,Below Her Mouth,6.8,1063,2017-02-10,92,/xNNF4l1OVscJNchJc5xvejHzTDO.jpg,An unexpected affair quickly escalates into a heart-stopping reality for two women whose passionate connection changes their lives forever.,86.7,/nTGbq37hYLuNy7YgMg0gVLma0NS.jpg,Where desire lives,"Drama, Romance",UlahbaaJqog
260346,Taken 3,6.2,5360,2014-12-16,109,/Ivj0wsH0RU2IEGc8LdvCr97WL1.jpg,"Ex-government operative Bryan Mills finds his life is shattered when he's falsely accused of a murder that hits close to home. As he's pursued by a savvy police inspector, Mills employs his particular set of skills to track the real killer and exact his unique brand of justice.",86.5,/vzvMXMypMq7ieDofKThsxjHj9hn.jpg,It Ends Here,"Thriller, Action",JuU0M2xBasc
131631,The Hunger Games: Mockingjay - Part 1,6.8,14725,2014-11-19,123,/tFlSDoWQsAZ2qjICKzfP5Yw6zM5.jpg,Katniss Everdeen reluctantly becomes the symbol of a mass rebellion against the autocratic Capitol.,85.9,/4FAA18ZIja70d1Tu5hr5cj2q1sB.jpg,Fire burns brighter in the darkness,"Science Fiction, Adventure, Thriller",IXshQ5mv1K8
109445,Frozen,7.2,15520,2013-11-20,102,/fydUcbkqLyESCFa9U5XKqi8dIVj.jpg,"Young princess Anna of Arendelle dreams about finding true love at her sister Elsa’s coronation. Fate takes her on a dangerous journey in an attempt to end the eternal winter that has fallen over the kingdom. She's accompanied by ice delivery man Kristoff, his reindeer Sven, and snowman Olaf. On an adventure where she will find out what friendship, courage, family, and true love really means.",85.8,/kgwjIb2JDHRhNk13lmSxiClFjVk.jpg,Only the act of true love will thaw a frozen heart.,"Animation, Family, Adventure, Fantasy",TbQm5doF_Uc
700391,65,6.1,1653,2023-03-02,92,/eEF40Xk2twM3WjRNZftfo771gjv.jpg,"65 million years ago, the only 2 survivors of a spaceship from Somaris that crash-landed on Earth, must fend off dinosaurs to reach the escape vessel in time before an imminent asteroid strike threatens to destroy the planet.",85.5,/rzRb63TldOKdKydCvWJM8B6EkPM.jpg,"65 million years ago, prehistoric Earth had a visitor.","Science Fiction, Action, Adventure",M6YfhX83Cj8
11224,Cinderella,7.0,6239,1950-02-22,74,/puJKgNcWaGgMk5VHanSSomUTpmw.jpg,"Cinderella has faith her dreams of a better life will come true. With help from her loyal mice friends and a wave of her Fairy Godmother's wand, Cinderella's rags are magically turned into a glorious gown and off she goes to the Royal Ball. But when the clock strikes midnight, the spell is broken, leaving a single glass slipper... the only key to the ultimate fairy-tale ending!",85.4,/avz6S9HYWs4O8Oe4PenBFNX4uDi.jpg,The greatest love story ever told.,"Family, Fantasy, Animation, Romance",rPTMApBFfcI
610150,Dragon Ball Super: Super Hero,7.9,2552,2022-06-11,99,/uR0FopHrAjDlG5q6PZB07a1JOva.jpg,"The Red Ribbon Army, an evil organization that was once destroyed by Goku in the past, has been reformed by a group of people who have created new and mightier Androids, Gamma 1 and Gamma 2, and seek vengeance against Goku and his family.",85.4,/pi0iZOEHeA3ih4p1IwAG4x2DZNH.jpg,A super awakening and calamity is born.,"Animation, Science Fiction, Action",6_fXQSobiHs
663712,Terrifier 2,6.8,1393,2022-10-06,138,/cRdA9xjHBbobw4LJFsQ3j1CgpVq.jpg,"After being resurrected by a sinister entity, Art the Clown returns to Miles County where he must hunt down and destroy a teenage girl and her younger brother on Halloween night.  As the body count rises, the siblings fight to stay alive while uncovering the true nature of Art's evil intent.",84.8,/8gLhu8UFPZfH2Hv11JhTZkb9CVl.jpg,Who's laughing now?,"Horror, Thriller",x5DhuDSArTI
274855,Geostorm,6.1,4441,2017-10-12,109,/79X8JkGxzc1tJMi0KxUSaPLooVg.jpg,"After an unprecedented series of natural disasters threatened the planet, the world's leaders came together to create an intricate network of satellites to control the global climate and keep everyone safe. But now, something has gone wrong: the system built to protect Earth is attacking it, and it becomes a race against the clock to uncover the real threat before a worldwide geostorm wipes out everything and everyone along with it.",84.7,/nrsx0jEaBgXq4PWo7SooSnYJTv.jpg,Some things were never meant to be controlled.,"Action, Science Fiction, Thriller",w1QSI0CFEWU
11917,Saw V,6.2,3102,2008-10-23,95,/9rlenYH6E1kOWuQW3wl4XjjFKTJ.jpg,"Detective Hoffman is seemingly the last person alive to carry on the Jigsaw legacy. But when his secret is threatened, he must go on the hunt to eliminate all the loose ends.",84.5,/rKl79KqLXg60KFyKsLe4wSSjQ08.jpg,You won't believe how it ends.,"Horror, Thriller, Crime",J9TpHotLQk8
10138,Iron Man 2,6.8,19756,2010-04-28,124,/jesRqfL9v6HNnowe795xjmuKUXl.jpg,"With the world now aware of his dual life as the armored superhero Iron Man, billionaire inventor Tony Stark faces pressure from the government, the press and the public to share his technology with the military. Unwilling to let go of his invention, Stark, with Pepper Potts and James 'Rhodey' Rhodes at his side, must forge new alliances – and confront powerful enemies.",84.4,/6WBeq4fCfn7AN0o21W9qNcRF2l9.jpg,"It's not the armor that makes the hero, but the man inside.","Adventure, Action, Science Fiction",5fUQkLdJ2kE
38757,Tangled,7.6,10539,2010-11-24,100,/cWczNud8Y8i8ab0Z4bxos4myWYO.jpg,"When the kingdom's most wanted-and most charming-bandit Flynn Rider hides out in a mysterious tower, he's taken hostage by Rapunzel, a beautiful and feisty tower-bound teen with 70 feet of magical, golden hair. Flynn's curious captor, who's looking for her ticket out of the tower where she's been locked away for years, strikes a deal with the handsome thief and the unlikely duo sets off on an action-packed escapade, complete with a super-cop horse, an over-protective chameleon and a gruff gang of pub thugs.",84.1,/ym7Kst6a4uodryxqbGOxmewF235.jpg,They're taking adventure to new lengths.,"Animation, Family",gsYKF8ecC8g
27205,Inception,8.4,34495,2010-07-15,148,/8ZTVqvKDQ8emSGUEMjsS4yHAwrp.jpg,"Cobb, a skilled thief who commits corporate espionage by infiltrating the subconscious of his targets is offered a chance to regain his old life as payment for a task considered to be impossible: ""inception"", the implantation of another person's idea into a target's subconscious.",84.0,/oYuLEt3zVCKq57qu2F8dT7NIa6f.jpg,Your mind is the scene of the crime.,"Action, Science Fiction, Adventure",JE9z-gy4De4
497,The Green Mile,8.5,15937,1999-12-10,189,/l6hQWH9eDksNJNiXWYRkWqikOdu.jpg,"A supernatural tale set on death row in a Southern prison, where gentle giant John Coffey possesses the mysterious power to heal people's ailments. When the cell block's head guard, Paul Edgecomb, recognizes Coffey's miraculous gift, he tries desperately to help stave off the condemned man's execution.",83.7,/8VG8fDNiy50H4FedGwdSVUPoaJe.jpg,Miracles do happen.,"Fantasy, Drama, Crime",Bg7epsq0OIQ
769,GoodFellas,8.5,11726,1990-09-12,145,/sw7mordbZxgITU877yTpZCud90M.jpg,"The true story of Henry Hill, a half-Irish, half-Sicilian Brooklyn kid who is adopted by neighbourhood gangsters at an early age and climbs the ranks of a Mafia family under the guidance of Jimmy Conway.",83.6,/aKuFiU82s5ISJpGZp7YkIr3kCUd.jpg,Three decades of life in the mafia.,"Drama, Crime",PTBRNXGQR9Q
49051,The Hobbit: An Unexpected Journey,7.3,17356,2012-12-12,169,/xyXmtuvsoM5J3yNad0nvcetpBdY.jpg,"Bilbo Baggins, a hobbit enjoying his quiet life, is swept into an epic quest by Gandalf the Grey and thirteen dwarves who seek to reclaim their mountain home from Smaug, the dragon.",83.5,/yHA9Fc37VmpUA5UncTxxo3rTGVA.jpg,From the smallest beginnings come the greatest legends.,"Adventure, Fantasy, Action",CXqZK-nbZ74
396263,GANTZ:O,7.3,682,2016-10-14,95,/ddAQBXqxog1sgjfDf8qeMTuEbMO.jpg,"After being brutally murdered in a subway station, a teen boy awakens to find himself resurrected by a strange computer named Gantz, and forced to fight a large force of invading aliens in Osaka.",83.3,/9yTuw6ddf28lItHwgeqFSNtXsaG.jpg,,"Science Fiction, Action, Animation",r37ARGRJC-k
198663,The Maze Runner,7.2,15901,2014-09-10,113,/vHJlbhsXrZ5yrO2KqCbGSIU6fRX.jpg,"Set in a post-apocalyptic world, young Thomas is deposited in a community of boys after his memory is erased, soon learning they're all trapped in a maze that will require him to join forces with fellow “runners” for a shot at escape.",83.2,/ode14q7WtDugFDp78fo9lCsmay9.jpg,Remember. Survive. Run.,"Action, Mystery, Science Fiction, Thriller",3b946aGm0zs
438695,Sing 2,7.9,3919,2021-12-01,110,/6mJrgL7Mi13XjJeGYJFlD6UEVQw.jpg,"Buster and his new cast now have their sights set on debuting a new show at the Crystal Tower Theater in glamorous Redshore City. But with no connections, he and his singers must sneak into the Crystal Entertainment offices, run by the ruthless wolf mogul Jimmy Crystal, where the gang pitches the ridiculous idea of casting the lion rock legend Clay Calloway in their show. Buster must embark on a quest to find the now-isolated Clay and persuade him to return to the stage.",83.1,/aWeKITRFbbwY8txG5uCj4rMCfSP.jpg,Where will your dreams take you?,"Animation, Family",EPZu5MA2uqI
2062,Ratatouille,7.8,15728,2007-06-28,111,/xgDj56UWyeWQcxQ44f5A3RTWuSs.jpg,"Remy, a resident of Paris, appreciates good food and has quite a sophisticated palate. He would love to become a chef so he can create and enjoy culinary masterpieces to his heart's delight. The only problem is, Remy is a rat. When he winds up in the sewer beneath one of Paris' finest restaurants, the rodent gourmet finds himself ideally placed to realize his dream.",82.5,/t3vaWRPSf6WjDSamIkKDs1iQWna.jpg,He's dying to become a chef.,"Animation, Comedy, Family, Fantasy",NgsQ8mVkN8w
809,Shrek 2,7.2,11323,2004-05-19,93,/wD44moEofk0EZyFxLQItuwdGsvV.jpg,"Shrek, Fiona and Donkey set off to Far, Far Away to meet Fiona's mother and father. But not everyone is happy. Shrek and the King find it hard to get along, and there's tension in the marriage. The fairy godmother discovers that Shrek has married Fiona instead of her Son Prince Charming and sets about destroying their marriage.",82.2,/2yYP0PQjG8zVqturh1BAqu2Tixl.jpg,Once upon another time...,"Animation, Family, Comedy, Fantasy, Adventure",iuNghO1XsHI
285,Pirates of the Caribbean: At World's End,7.2,13345,2007-05-19,169,/kPcHuPYqzkSo4bmPHtH82GaeEgX.jpg,"Captain Barbossa, long believed to be dead, has come back to life and is headed to the edge of the Earth with Will Turner and Elizabeth Swann. But nothing is quite as it seems.",81.9,/jGWpG4YhpQwVmjyHEGkxEkeRf0S.jpg,"At the end of the world, the adventure begins.","Adventure, Fantasy, Action",HKSZtp_OGHY
1013860,R.I.P.D. 2: Rise of the Damned,6.5,519,2022-11-15,102,/kmzppWh7ljL6K9fXW72bPN3gKwu.jpg,"When Sheriff Roy Pulsipher finds himself in the afterlife, he joins a special police force and returns to Earth to save humanity from the undead.",81.9,/g4yJTzMtOBUTAR2Qnmj8TYIcFVq.jpg,Meet the new law of the Afterlife.,"Action, Comedy, Fantasy, Crime",L_REOJnLLNI
747188,Asteroid City,6.6,823,2023-06-08,105,/gcbZ2ZdVzfBsGmfjTy8g7UaZS16.jpg,"In an American desert town circa 1955, the itinerary of a Junior Stargazer/Space Cadet convention is spectacularly disrupted by world-changing events.",81.7,/tcKBclNUdkas4Jis8RYYZnPdTIm.jpg,,"Comedy, Drama",9FXCSXuGTF4
429,"The Good, the Bad and the Ugly",8.5,7751,1966-12-23,161,/eoCSp75lxatmIa6aGqfnzwtbttd.jpg,"While the Civil War rages on between the Union and the Confederacy, three men – a quiet loner, a ruthless hitman, and a Mexican bandit – comb the American Southwest in search of a strongbox containing $200,000 in stolen gold.",81.7,/bX2xnavhMYjWDoZp1VM6VnU1xwe.jpg,For three men the Civil War wasn't hell. It was practice.,Western,WCnRSl24FPA
86331,Desire,6.0,754,2011-10-06,103,/zbTaYrQzZaaEf1SZlv3RTZiUvZw.jpg,"In a social context deteriorated by a countrywide economic crisis, the life of several people will be turned upside down after they meet Cécile, a character who symbolizes desire.",81.6,/nOBgorydp9U3ydSRoO2MaYZMwMT.jpg,"Love, desire and complications...","Drama, Romance",
438148,Minions: The Rise of Gru,7.4,3060,2022-06-29,87,/uMSxXLfH7v30gRNBqsQaSP3yqX5.jpg,"A fanboy of a supervillain supergroup known as the Vicious 6, Gru hatches a plan to become evil enough to join them, with the backup of his followers, the Minions.",81.4,/wKiOkZTN9lUUUNZLmtnwubZYONg.jpg,A villain will rise.,"Animation, Comedy, Family",HhIl_XJ-OGA
345887,The Equalizer 2,6.7,4652,2018-07-19,121,/z7noaCJ4KtmhwHw7QcNtnMMo4Qy.jpg,"Robert McCall, who serves an unflinching justice for the exploited and oppressed, embarks on a relentless, globe-trotting quest for vengeance when a long-time girl friend is murdered.",81.3,/cQvc9N6JiMVKqol3wcYrGshsIdZ.jpg,There is no equal.,"Action, Thriller, Crime",EiaVnU18pcs
259693,The Conjuring 2,7.3,7769,2016-06-08,134,/4mfFtlGeInPrQVm1hpv7th02yjx.jpg,Lorraine and Ed Warren travel to north London to help a single mother raising four children alone in a house plagued by malicious spirits.,81.0,/zEqyD0SBt6HL7W9JQoWwtd5Do1T.jpg,The next true story from the case files of Ed and Lorraine Warren.,"Horror, Thriller",VFsmuRPClr4
842675,The Wandering Earth II,7.2,357,2023-01-22,173,/qElNES0sHVQcbzvGrTx7ccpGzij.jpg,"Humans built huge engines on the surface of the earth to find a new home. But the road to the universe is perilous. In order to save earth, young people once again have to step forward to start a race against time for life and death.",80.9,/pR858ihc6Ls9xohpdRJVjV787ml.jpg,,"Science Fiction, Action, Drama",23XQsJMYG84
458156,John Wick: Chapter 3 - Parabellum,7.4,9711,2019-05-15,131,/vVpEOvdxVBP2aV166j5Xlvb5Cdc.jpg,"Super-assassin John Wick returns with a $14 million price tag on his head and an army of bounty-hunting killers on his trail. After killing a member of the shadowy international assassin’s guild, the High Table, John Wick is excommunicado, but the world’s most ruthless hit men and women await his every turn.",80.8,/ziEuG1essDuWuC5lpWUaw1uXY2O.jpg,Every action has consequences.,"Action, Thriller, Crime",pU8-7BX9uxs
787752,Fresh,7.0,1280,2022-03-03,114,/oVv5l6L5Wi5j3gd4P2vt0YvVMOg.jpg,"Frustrated by scrolling dating apps only to end up on lame, tedious dates, Noa takes a chance by giving her number to the awkwardly charming Steve after a produce-section meet-cute at the grocery store.",80.7,/tlu71AgaL3EQBBCNGsAwZLPbV5D.jpg,It’s not for everyone.,"Horror, Thriller",wKk5VAK1GZQ
324857,Spider-Man: Into the Spider-Verse,8.4,14024,2018-12-06,117,/qGQf2OHIkoh89K8XeKQzhxczf96.jpg,"Struggling to find his place in the world while juggling school and family, Brooklyn teenager Miles Morales is unexpectedly bitten by a radioactive spider and develops unfathomable powers just like the one and only Spider-Man. While wrestling with the implications of his new abilities, Miles discovers a super collider created by the madman Wilson ""Kingpin"" Fisk, causing others from across the Spider-Verse to be inadvertently transported to his dimension.",80.7,/iiZZdoQBEYBv6id8su7ImL0oCbD.jpg,More than one wears the mask.,"Action, Adventure, Animation, Science Fiction",tg52up16eq0
22,Pirates of the Caribbean: The Curse of the Black Pearl,7.8,19233,2003-07-09,143,/wW7Wt5bXzPy4VOEE4LTIUDyDgBo.jpg,"Jack Sparrow, a freewheeling 18th-century pirate, quarrels with a rival pirate bent on pillaging Port Royal. When the governor's daughter is kidnapped, Sparrow decides to help the girl's love save her.",80.5,/z8onk7LV9Mmw6zKz4hT6pzzvmvl.jpg,Prepare to be blown out of the water.,"Adventure, Fantasy, Action",-9HT0l9HV4c
19995,Avatar,7.6,29815,2009-12-15,162,/vL5LR6WdxWPjLPFRLe133jXWsh5.jpg,"In the 22nd century, a paraplegic Marine is dispatched to the moon Pandora on a unique mission, but becomes torn between following orders and protecting an alien civilization.",79.9,/kyeqWdyUXW608qlYkRqosgbbJyK.jpg,Enter the world of Pandora.,"Action, Adventure, Fantasy, Science Fiction",jm2sNLIPPvA
4935,Howl's Moving Castle,8.4,8720,2004-09-09,119,/nv5wwZou159v5OC61i4ElR7OqyY.jpg,"Sophie, a young milliner, is turned into an elderly woman by a witch who enters her shop and curses her. She encounters a wizard named Howl and gets caught up in his resistance to fighting for the king.",79.9,/6pZgH10jhpToPcf0uvyTCPFhWpI.jpg,The two lived there.,"Fantasy, Animation, Adventure",ARCQf2CEr8k
50619,The Twilight Saga: Breaking Dawn - Part 1,6.2,8228,2011-11-16,117,/yLpMWckfrzRiNZxB2tgBa5TkUKh.jpg,The new found married bliss of Bella Swan and vampire Edward Cullen is cut short when a series of betrayals and misfortunes threatens to destroy their world.,79.9,/qs8LsHKYlVRmJbFUiSUhhRAygwj.jpg,Forever is just the beginning,"Adventure, Fantasy, Romance",PQNLfo-SOR4
718930,Bullet Train,7.5,4804,2022-08-03,126,/y2Ca1neKke2mGPMaHzlCNDVZqsK.jpg,"Unlucky assassin Ladybug is determined to do his job peacefully after one too many gigs gone off the rails. Fate, however, may have other plans, as Ladybug's latest mission puts him on a collision course with lethal adversaries from around the globe—all with connected, yet conflicting, objectives—on the world's fastest train.",79.8,/j8szC8OgrejDQjjMKSVXyaAjw3V.jpg,The end of the line is just the beginning.,"Action, Comedy, Thriller",EGeJczJvWns
296096,Me Before You,7.9,11414,2016-06-01,110,/7jjwdoIVPJp7gcDo9uE1sVZi2Rs.jpg,"A small town girl is caught between dead-end jobs. A high-profile, successful man becomes wheelchair bound following an accident. The man decides his life is not worth living until the girl is hired for six months to be his new caretaker. Worlds apart and trapped together by circumstance, the two get off to a rocky start. But the girl becomes determined to prove to the man that life is worth living and as they embark on a series of adventures together, each finds their world changing in ways neither of them could begin to imagine.",79.7,/Ia3dzj5LnCj1ZBdlVeJrbKJQxG.jpg,Live boldly.,"Drama, Romance",T0MmkG_nG1U
10144,The Little Mermaid,7.4,7316,1989-11-17,83,/bZbBTrefbgTvVK8CN56zKIHNomI.jpg,This colorful adventure tells the story of an impetuous mermaid princess named Ariel who falls in love with the very human Prince Eric and puts everything on the line for the chance to be with him. Memorable songs and characters -- including the villainous sea witch Ursula.,79.6,/plcZXvI310FkbwIptvd6rqk63LP.jpg,Somewhere under the sea and beyond your imagination is an adventure in fantasy.,"Animation, Family, Fantasy",ZGZX5-PAwR8
335787,Uncharted,7.0,5066,2022-02-10,116,/fwrqW8Lp5VQuppFrODd4iJ8LySE.jpg,"A young street-smart, Nathan Drake and his wisecracking partner Victor “Sully” Sullivan embark on a dangerous pursuit of “the greatest treasure never found” while also tracking clues that may lead to Nathan’s long-lost brother.",79.5,/rJHC1RUORuUhtfNb4Npclx0xnOf.jpg,Fortune favors the bold.,"Action, Adventure",l-LD16Yzi2c
1865,Pirates of the Caribbean: On Stranger Tides,6.5,13126,2011-05-15,137,/wQ0r0JRs7elHSKg1SFtdWdKTYKi.jpg,"Captain Jack Sparrow crosses paths with a woman from his past, and he's not sure if it's love -- or if she's a ruthless con artist who's using him to find the fabled Fountain of Youth. When she forces him aboard the Queen Anne's Revenge, the ship of the formidable pirate Blackbeard, Jack finds himself on an unexpected adventure in which he doesn't know who to fear more: Blackbeard or the woman from his past.",79.2,/keGfSvCmYj7CvdRx36OdVrAEibE.jpg,Live Forever Or Die Trying.,"Adventure, Action, Fantasy",Ax6md6HoZ2o
1930,The Amazing Spider-Man,6.7,16352,2012-06-23,136,/sLWUtbrpiLp23a0XDSiUiltdFPJ.jpg,"Peter Parker is an outcast high schooler abandoned by his parents as a boy, leaving him to be raised by his Uncle Ben and Aunt May. Like most teenagers, Peter is trying to figure out who he is and how he got to be the person he is today. As Peter discovers a mysterious briefcase that belonged to his father, he begins a quest to understand his parents' disappearance – leading him directly to Oscorp and the lab of Dr. Curt Connors, his father's former partner. As Spider-Man is set on a collision course with Connors' alter ego, The Lizard, Peter will make life-altering choices to use his powers and shape his destiny to become a hero.",79.0,/jIfkQNARYyERqRAq1p1c8xgePp4.jpg,The untold story begins.,"Action, Adventure, Fantasy",WLxul0Vzuhk
188070,Dream 9 Toriko & One Piece & Dragon Ball Z Super Collaboration Special!!,7.4,315,2013-04-07,43,/iCK2cw43Zb4dppHvufJg0RXaVes.jpg,"A two-part crossover special featuring characters from Dragon Ball Z, One Piece and Toriko.",78.9,/1azUShBxKqHUUJf61BIpnJTtAWO.jpg,The Mightiest Collaboration in History,"Action, Adventure, Comedy, Fantasy, Animation",
147441,Exodus: Gods and Kings,5.8,4251,2014-12-03,150,/hJ1jUw8irCiWwQk7BElxF92BrlK.jpg,"The defiant leader Moses rises up against the Egyptian Pharaoh Ramses, setting 400,000 slaves on a monumental journey of escape from Egypt and its terrifying cycle of deadly plagues.",78.9,/uaDj37JtvLan9tihxZ18e6qL33b.jpg,"Once brothers, now enemies.","Adventure, Drama, Action",6k8qeqZycgE
121,The Lord of the Rings: The Two Towers,8.4,20274,2002-12-18,179,/zcc0My3G4SYR72VuEYHNcUWkkW0.jpg,"Frodo and Sam are trekking to Mordor to destroy the One Ring of Power while Gimli, Legolas and Aragorn search for the orc-captured Merry and Pippin. All along, nefarious wizard Saruman awaits the Fellowship members at the Orthanc Tower in Isengard.",78.7,/5VTN0pR8gcqV3EPUHHfMGnJYN9L.jpg,A New Power Is Rising.,"Adventure, Fantasy, Action",nuTU5XcZTLA
209112,Batman v Superman: Dawn of Justice,6.0,17081,2016-03-23,152,/5fX1oSGuYdKgwWmUTAN5MNSQGzr.jpg,"Fearing the actions of a god-like Super Hero left unchecked, Gotham City’s own formidable, forceful vigilante takes on Metropolis’s most revered, modern-day savior, while the world wrestles with what sort of hero it really needs. And with Batman and Superman at war with one another, a new threat quickly arises, putting mankind in greater danger than it’s ever known before.",78.6,/5UsK3grJvtQrtzEgqNlDljJW96w.jpg,Who will win?,"Action, Adventure, Fantasy",s9EkdAHqtvU
603,The Matrix,8.2,23815,1999-03-30,136,/oMsxZEvz9a708d49b6UdZK1KAo5.jpg,"Set in the 22nd century, The Matrix tells the story of a computer hacker who joins a group of underground insurgents fighting the vast and powerful computers who now rule the earth.",78.6,/f89U3ADr1oiB1s9GkdPOEpXUk5H.jpg,Welcome to the Real World.,"Action, Science Fiction",FVI84Dfx2-I
862,Toy Story,8.0,17152,1995-10-30,81,/3Rfvhy1Nl6sSGJwyjb0QiZzZYlB.jpg,"Led by Woody, Andy's toys live happily in his room until Andy's birthday brings Buzz Lightyear onto the scene. Afraid of losing his place in Andy's heart, Woody plots against Buzz. But when circumstances separate Buzz and Woody from their owner, the duo eventually learns to put aside their differences.",78.4,/uXDfjJbdP4ijW5hWSBrPrlKpxab.jpg,Hang on for the comedy that goes to infinity and beyond!,"Animation, Adventure, Family, Comedy",CxwTLktovTU
359724,Ford v Ferrari,8.0,6972,2019-11-13,153,/ydmZIafp66mHABs3QJDwvjRgZfE.jpg,"American car designer Carroll Shelby and the British-born driver Ken Miles work together to battle corporate interference, the laws of physics, and their own personal demons to build a revolutionary race car for Ford Motor Company and take on the dominating race cars of Enzo Ferrari at the 24 Hours of Le Mans in France in 1966.",78.4,/dR1Ju50iudrOh3YgfwkAU1g2HZe.jpg,They took the American dream for a ride,"Drama, Action, History",I3h9Z89U9ZA
76341,Mad Max: Fury Road,7.6,20911,2015-05-13,121,/8yACFuo4OaIiKr9hHFlmPcGalKx.jpg,"An apocalyptic story set in the furthest reaches of our planet, in a stark desert landscape where humanity is broken, and most everyone is crazed fighting for the necessities of life. Within this world exist two rebels on the run who just might be able to restore order.",78.3,/8tZYtuWezp8JbcsvHYO0O46tFbo.jpg,What a Lovely Day.,"Action, Adventure, Science Fiction",MonFNCgK4WE
948713,The Last Kingdom: Seven Kings Must Die,7.3,525,2023-04-14,111,/xwA90BwZXTh8ke3CVsQlj8EOkFr.jpg,"In the wake of King Edward's death, Uhtred of Bebbanburg and his comrades adventure across a fractured kingdom in the hopes of uniting England at last.",78.0,/qcNDxDzd5OW9wE3c8nWxCBQoBrM.jpg,,"Action, Adventure, War",eqCYw_o5lng
3933,Corpse Bride,7.5,8216,2005-09-12,77,/tkWDQppuVNXOxR6ICqESsKCthOm.jpg,"Set in a 19th-century European village, this stop-motion animation feature follows the story of Victor, a young man whisked away to the underworld and wed to a mysterious corpse bride, while his real bride Victoria waits bereft in the land of the living.",77.9,/isb2Qow76GpqYmsSyfdMfsYAjts.jpg,There's been a grave misunderstanding.,"Romance, Fantasy, Animation",BgwJEpmPKk8
337404,Cruella,8.1,8507,2021-05-26,134,/6MKr3KgOLmzOP6MSuZERO41Lpkt.jpg,"In 1970s London amidst the punk rock revolution, a young grifter named Estella is determined to make a name for herself with her designs. She befriends a pair of young thieves who appreciate her appetite for mischief, and together they are able to build a life for themselves on the London streets. One day, Estella’s flair for fashion catches the eye of the Baroness von Hellman, a fashion legend who is devastatingly chic and terrifyingly haute. But their relationship sets in motion a course of events and revelations that will cause Estella to embrace her wicked side and become the raucous, fashionable and revenge-bent Cruella.",77.8,/wToO8opxkGwKgSfJ1JK8tGvkG6U.jpg,Hello Cruel World,"Comedy, Crime",jpZrVxvG3mk
265712,Stand by Me Doraemon,7.3,468,2014-08-08,90,/1aABIiqBY7yoQESE8qWvR0w9bJZ.jpg,Sewashi and Doraemon find themselves way back in time and meet Nobita. It is up to Doraemon to take care of Nobita or else he will not return to the present.,77.4,/wc7XQbfx6EIQqCuvmBMt3aisb2Y.jpg,Is Doraemon ending this summer?,"Animation, Family, Science Fiction, Fantasy",K4SMJcSyxYk
49026,The Dark Knight Rises,7.8,21335,2012-07-17,165,/c3OHQncTAnKFhdOTX7D3LTW6son.jpg,"Following the death of District Attorney Harvey Dent, Batman assumes responsibility for Dent's crimes to protect the late attorney's reputation and is subsequently hunted by the Gotham City Police Department. Eight years later, Batman encounters the mysterious Selina Kyle and the villainous Bane, a new terrorist leader who overwhelms Gotham's finest. The Dark Knight resurfaces to protect a city that has branded him an enemy.",76.9,/hr0L2aueqlP2BYUblTTjmtn0hw4.jpg,The Legend Ends,"Action, Crime, Drama, Thriller",GAjBzu8ggi0
11688,The Emperor's New Groove,7.6,6109,2000-12-15,78,/mZj8EUr6F1x2PWZjKPxaeYd5WRw.jpg,"Kuzco is a self-centered emperor who summons Pacha from a village and to tell him that his home will be destroyed to make room for Kuzco's new summer home. Kuzco's advisor, Yzma, tries to poison Kuzco and accidentally turns him into a llama, who accidentally ends up in Pacha's village. Pacha offers to help Kuzco if he doesn't destroy his house, and so they form an unlikely partnership.",76.8,/wwbgkXQBEKtnyIJapk6gUgWkVw8.jpg,It's all about... ME!,"Adventure, Animation, Comedy, Family, Fantasy",Hjvy8vc39kw
98566,Teenage Mutant Ninja Turtles,5.9,6391,2014-08-07,101,/eezsbzYPbYKjjh6E1XHDBNlLynh.jpg,"When a kingpin threatens New York City, a group of mutated turtle warriors must emerge from the shadows to protect their home.",76.3,/azL2ThbJMIkts3ZMt3j1YgBUeDB.jpg,Mysterious. Dangerous. Reptilious. You've never seen heroes like this.,"Science Fiction, Action, Adventure, Comedy",dwXFsrp6WBs
286217,The Martian,7.7,18525,2015-09-30,141,/3dPhs7hUnQLphDFzdkD407VZDYo.jpg,"During a manned mission to Mars, Astronaut Mark Watney is presumed dead after a fierce storm and left behind by his crew. But Watney has survived and finds himself stranded and alone on the hostile planet. With only meager supplies, he must draw upon his ingenuity, wit and spirit to subsist and find a way to signal to Earth that he is alive.",76.0,/5BHuvQ6p9kfc091Z8RiFNhCwL4b.jpg,Bring Him Home,"Drama, Adventure, Science Fiction",ej3ioOneTy8
851644,20th Century Girl,8.3,517,2022-10-06,119,/rl7Jw8PjhSIjArOlDNv0JQPL1ZV.jpg,"Yeon-du asks her best friend Bora to collect all the information she can about Baek Hyun-jin while she is away in the U.S. for heart surgery. Bora decides to get close to Baek's best friend, Pung Woon-ho first. However, Bora's clumsy plan unfolds in an unexpected direction. In 1999, a year before the new century, Bora, who turns seventeen, falls into the fever of first love.",76.0,/od22ftNnyag0TTxcnJhlsu3aLoU.jpg,A first love pov story.,"Romance, Drama",KFS4_qevE7M
438631,Dune,7.8,9420,2021-09-15,155,/jYEW5xZkZk2WTrdbMGAPFuBqbDc.jpg,"Paul Atreides, a brilliant and gifted young man born into a great destiny beyond his understanding, must travel to the most dangerous planet in the universe to ensure the future of his family and his people. As malevolent forces explode into conflict over the planet's exclusive supply of the most precious resource in existence-a commodity capable of unlocking humanity's greatest potential-only those who can conquer their fear will survive.",75.8,/d5NXSklXo0qyIYkgV94XAgMIckC.jpg,It begins.,"Science Fiction, Adventure",w0HgHet0sxg
324786,Hacksaw Ridge,8.2,12668,2016-10-07,139,/rshlQ6LfPRSWFhpGL4s5ZkIPR51.jpg,"WWII American Army Medic Desmond T. Doss, who served during the Battle of Okinawa, refuses to kill people and becomes the first Conscientious Objector in American history to receive the Congressional Medal of Honor.",75.0,/jcStBvbQt78tPeId5hC7a9jcDOK.jpg,One of the greatest heroes in American history never fired a bullet.,"Drama, History, War",s2-1hz1juBI
680,Pulp Fiction,8.5,25893,1994-09-10,154,/suaEOtk1N1sgg2MTM7oZd2cfVp3.jpg,"A burger-loving hit man, his philosophical partner, a drug-addled gangster's moll and a washed-up boxer converge in this sprawling, comedic crime caper. Their adventures unfurl in three stories that ingeniously trip back and forth in time.",74.9,/d5iIlFn5s0ImszYzBPb8JPIfbXD.jpg,Just because you are a character doesn't mean you have character.,"Thriller, Crime",tGpTpVyI_OQ
211954,Instructions Not Included,7.7,812,2013-07-20,122,/o80wcSqQZj5o8jD2Q4bvbqVxD0D.jpg,"Valentin is Acapulco's resident playboy, until a former fling leaves a baby on his doorstep and him heading with her out of Mexico.",74.8,/4f0qaU7cWmO9kYEkr3QGdA7KNFR.jpg,Life doesn't care if you're ready.,"Comedy, Drama",IWBL3JfQls8
346364,It,7.2,18018,2017-09-06,135,/tcheoA2nPATCm2vvXw2hVQoaEFD.jpg,"In a small town in Maine, seven children known as The Losers Club come face to face with life problems, bullies and a monster that takes the shape of a clown called Pennywise.",74.7,/9E2y5Q7WlCVNEhP5GiVTjhEhx1o.jpg,You’ll float too,"Horror, Fantasy",xKJmEC5ieOk
605886,To Catch a Killer,7.0,531,2023-04-06,119,/T5xXoFqyc9jNXZIbH4Sw0jwWjw.jpg,Baltimore. New Year's Eve. A talented but troubled police officer is recruited by the FBI's chief investigator to help profile and track down a mass murderer.,74.3,/mFp3l4lZg1NSEsyxKrdi0rNK8r1.jpg,,"Crime, Thriller, Mystery",qPMi94XLoEA
338953,Fantastic Beasts: The Secrets of Dumbledore,6.7,3816,2022-04-06,142,/zGLHX92Gk96O1DJvLil7ObJTbaL.jpg,"Professor Albus Dumbledore knows the powerful, dark wizard Gellert Grindelwald is moving to seize control of the wizarding world. Unable to stop him alone, he entrusts magizoologist Newt Scamander to lead an intrepid team of wizards and witches. They soon encounter an array of old and new beasts as they clash with Grindelwald's growing legion of followers.",74.0,/jrgifaYeUtTnaH7NF5Drkgjg2MB.jpg,Return to the magic.,"Fantasy, Adventure, Family",DaM_wL1ZOM4
552688,The Mother,6.8,1004,2023-05-04,115,/n5NSF8wZeWQHHZtuWgbRAVpqXFR.jpg,"A deadly female assassin comes out of hiding to protect the daughter that she gave up years before, while on the run from dangerous men.",73.9,/vnRthEZz16Q9VWcP5homkHxyHoy.jpg,Vengeance is a mother!,"Action, Thriller",8BFdFeOS3oM
863,Toy Story 2,7.6,12904,1999-10-30,92,/91qfG6VaxRsCh1SbIi1w2vxknsL.jpg,"Andy heads off to Cowboy Camp, leaving his toys to their own devices. Things shift into high gear when an obsessive toy collector named Al McWhiggen, owner of Al's Toy Barn kidnaps Woody. Andy's toys mount a daring rescue mission, Buzz Lightyear meets his match and Woody has to decide where he and his heart truly belong.",73.5,/2MFIhZAW0CVlEQrFyqwa4U6zqJP.jpg,The toys are back!,"Animation, Comedy, Family",xNWSGRD5CzU
102382,The Amazing Spider-Man 2,6.5,12349,2014-04-16,141,/k0hlAzTryCYX1O1LyC6P8tAa8s0.jpg,"For Peter Parker, life is busy. Between taking out the bad guys as Spider-Man and spending time with the person he loves, Gwen Stacy, high school graduation cannot come quickly enough. Peter has not forgotten about the promise he made to Gwen’s father to protect her by staying away, but that is a promise he cannot keep. Things will change for Peter when a new villain, Electro, emerges, an old friend, Harry Osborn, returns, and Peter uncovers new clues about his past.",73.3,/c3e9e18SSlvFd1cQaGmUj5tqL5P.jpg,No more secrets.,"Action, Adventure, Fantasy",DlM2CWNTQ84
882598,Smile,6.7,2352,2022-09-23,115,/olPXihyFeeNvnaD6IOBltgIV1FU.jpg,"After witnessing a bizarre, traumatic incident involving a patient, Dr. Rose Cotter starts experiencing frightening occurrences that she can't explain. As an overwhelming terror begins taking over her life, Rose must confront her troubling past in order to survive and escape her horrifying new reality.",73.2,/aPqcQwu4VGEewPhagWNncDbJ9Xp.jpg,"Once you see it, it’s too late.","Horror, Mystery, Thriller",-8d987Wtkxs
242,The Godfather Part III,7.4,5627,1990-12-25,162,/zNnjHLDtV8Ti3aworltaeaLMov4.jpg,"In the midst of trying to legitimize his business dealings in 1979 New York and Italy, aging mafia don, Michael Corleone seeks forgiveness for his sins while taking a young protege under his wing.",73.0,/lm3pQ2QoQ16pextRsmnUbG2onES.jpg,All the power on earth can't change destiny.,"Crime, Drama, Thriller",qQR85-nGk2M
10674,Mulan,7.9,8920,1998-06-18,88,/mUYV0ZdsDEliGaQahcQH1F3grsP.jpg,"To save her father from certain death in the army, a young woman secretly enlists in his place and becomes one of China's greatest heroines in the process.",73.0,/5TYgKxYhnhRNNwqnRAKHkgfqi2G.jpg,Courage. Family. Honor.,"Animation, Family, Adventure",2z2KsFZs-8I
1726,Iron Man,7.6,24874,2008-04-30,126,/cyecB7godJ6kNHGONFjUyVN9OX5.jpg,"After being held captive in an Afghan cave, billionaire engineer Tony Stark creates a unique weaponized suit of armor to fight evil.",72.9,/78lPtwv72eTNqFW9COBYI0dWDJa.jpg,Heroes aren't born. They're built.,"Action, Science Fiction, Adventure",8ugaeA-nMTc
348,Alien,8.1,13206,1979-05-25,117,/AmR3JG1VQVxU8TfAvljUhfSFUOx.jpg,"During its return to the earth, commercial spaceship Nostromo intercepts a distress signal from a distant planet. When a three-member team of the crew discovers a chamber containing thousands of eggs on the planet, a creature inside one of the eggs attacks an explorer. The entire crew is unaware of the impending nightmare set to descend upon them when the alien parasite planted inside its unfortunate host is birthed.",72.8,/vfrQk5IPloGg1v9Rzbh2Eg3VGyM.jpg,In space no one can hear you scream.,"Horror, Science Fiction",sVwH0hIvV5k
293660,Deadpool,7.6,28894,2016-02-09,108,/en971MEXui9diirXlogOrPKmsEn.jpg,"The origin story of former Special Forces operative turned mercenary Wade Wilson, who, after being subjected to a rogue experiment that leaves him with accelerated healing powers, adopts the alter ego Deadpool. Armed with his new abilities and a dark, twisted sense of humor, Deadpool hunts down the man who nearly destroyed his life.",72.7,/zq8Cl3PNIDGU3iWNRoc5nEZ6pCe.jpg,Witness the beginning of a happy ending.,"Action, Adventure, Comedy",9vN6DHB6bJc
18785,The Hangover,7.3,15812,2009-06-02,100,/2o0PKGmnSgCGkzoSePNAqse8Ure.jpg,"When three friends finally come to after a raucous night of bachelor-party revelry, they find a baby in the closet and a tiger in the bathroom. But they can't seem to locate their best friend, Doug – who's supposed to be tying the knot. Launching a frantic search for Doug, the trio perseveres through a nasty hangover to try to make it to the church on time.",72.7,/uluhlXubGu1VxU63X9VHCLWDAYP.jpg,Some guys just can't handle Vegas.,Comedy,tlize92ffnY
134374,Pain & Gain,6.2,4127,2013-04-18,130,/73Ridh5DhGBmKAiwq8gy3IbtthT.jpg,"Daniel Lugo, manager of the Sun Gym in 1990s Miami, decides that there is only one way to achieve his version of the American dream: extortion. To achieve his goal, he recruits musclemen Paul and Adrian as accomplices. After several failed attempts, they abduct rich businessman Victor Kershaw and convince him to sign over all his assets to them. But when Kershaw makes it out alive, authorities are reluctant to believe his story.",72.6,/9WqA0Ry9wmTzFvom8mNbcyKZQgP.jpg,Their American dream is bigger than yours.,"Action, Crime, Comedy",YmAQoc-yVdk
474350,It Chapter Two,6.9,8021,2019-09-04,169,/8moTOzunF7p40oR5XhlDvJckOSW.jpg,"27 years after overcoming the malevolent supernatural entity Pennywise, the former members of the Losers' Club, who have grown up and moved away from Derry, are brought back together by a devastating phone call.",72.6,/zfE0R94v1E8cuKAerbskfD3VfUt.jpg,You'll Float Again,"Horror, Fantasy",xhJ5P7Up3jA
37135,Tarzan,7.4,6238,1999-06-18,88,/86z1Yrwj7yN1xehSa0gIwHnR7xl.jpg,"Tarzan was a small orphan who was raised by an ape named Kala since he was a child. He believed that this was his family, but on an expedition Jane Porter is rescued by Tarzan. He then finds out that he's human. Now Tarzan must make the decision as to which family he should belong to...",72.4,/bTvHlcqiOjGa3lFtbrTLTM3zasY.jpg,An immortal legend. As you've only imagined.,"Family, Adventure, Animation, Drama",JYOMf4SS2oA
10020,Beauty and the Beast,7.7,9256,1991-10-22,84,/jsgRkhPxYtzAhDFCUyNbvlX63tY.jpg,"Follow the adventures of Belle, a bright young woman who finds herself in the castle of a prince who's been turned into a mysterious beast. With the help of the castle's enchanted staff, Belle soon learns the most important lesson of all -- that true beauty comes from within.",72.1,/hUJ0UvQ5tgE2Z9WpfuduVSdiCiU.jpg,The most beautiful love story ever told.,"Romance, Family, Animation, Fantasy",UUVpyeS_fVw
49013,Cars 2,6.1,7115,2011-06-11,106,/jTx4XlVsLJkDwbEQkFYwpApD556.jpg,Star race car Lightning McQueen and his pal Mater head overseas to compete in the World Grand Prix race. But the road to the championship becomes rocky as Mater gets caught up in an intriguing adventure of his own: international espionage.,72.0,/okIz1HyxeVOMzYwwHUjH2pHi74I.jpg,Ka-ciao!,"Animation, Family, Adventure, Comedy",lg5hj2c5Nkk
48650,Room in Rome,6.4,613,2010-05-07,109,/30TgnSvXiL7NQoQ5WWwHqw0FRhA.jpg,"A hotel room in the center of Rome serves as the setting for Alba and Natasha, two young and recently acquainted women, to have a physical adventure that touches their very souls.",71.9,/gx2ENSap1D4nbjcz7cLLAs4S3fy.jpg,A night of passion that will change their lives.,"Drama, Romance",27gpqR5ADUs
52629,El Infierno,7.8,568,2010-09-03,145,/bQObbnj0TY2Q1c55w78m1AN6VNX.jpg,"Benjamin Garcia, Benny is deported from the United States. Back home and against a bleak picture, Benny gets involved in the drug business, in which he has for the first time in his life, a spectacular rise surrounded by money, women, violence and fun. But very soon he will discover that criminal life does not always keep its promises.",71.8,/eh004yF4wv8pBJ8mw8yVy1rMm4M.jpg,"Mexico 2010, Hell... nothing to celebrate","Drama, Crime, Comedy",n4jQnRkj-gU
8966,Twilight,6.3,12638,2008-11-20,122,/mfFhgR9ILPWbYtvbdyAGUo6fbpT.jpg,"When Bella Swan moves to a small town in the Pacific Northwest, she falls in love with Edward Cullen, a mysterious classmate who reveals himself to be a 108-year-old vampire. Despite Edward's repeated cautions, Bella can't stay away from him, a fatal move that endangers her own life.",71.5,/3Gkb6jm6962ADUPaCBqzz9CTbn9.jpg,"When you can live forever, what do you live for?","Fantasy, Drama, Romance",7tQk8pKnnVY
816904,Mummies,7.2,373,2023-01-05,88,/xVFpOIVdVn5ZUq1QIf0UJcZWjO2.jpg,"Through a series of unfortunate events, three mummies end up in present-day London and embark on a wacky and hilarious journey in search of an old ring belonging to the Royal Family, stolen by ambitious archaeologist Lord Carnaby.",71.2,/qVdrYN8qu7xUtsdEFeGiIVIaYd.jpg,Discover a new world.,"Animation, Comedy, Family, Adventure, Fantasy",X6rNGDAiFjQ
425,Ice Age,7.3,12296,2002-03-10,81,/a9ykRAWtQnI3SsZDfh8sCJo5cWI.jpg,"With the impending ice age almost upon them, a mismatched trio of prehistoric critters – Manny the woolly mammoth, Diego the saber-toothed tiger and Sid the giant sloth – find an orphaned infant and decide to return it to its human parents. Along the way, the unlikely allies become friends but, when enemies attack, their quest takes on far nobler aims.",70.8,/gLhHHZUzeseRXShoDyC4VqLgsNv.jpg,They came. They thawed. They conquered.,"Animation, Comedy, Family, Adventure",i4noiCRJRoE
271110,Captain America: Civil War,7.4,21541,2016-04-27,147,/wdwcOBMkt3zmPQuEMxB3FUtMio2.jpg,"Following the events of Age of Ultron, the collective governments of the world pass an act designed to regulate all superhuman activity. This polarizes opinion amongst the Avengers, causing two factions to side with Iron Man or Captain America, which causes an epic battle between former allies.",70.7,/rAGiXaUfPzY7CDEyNKUofk3Kw2e.jpg,United we stand. Divided we fall.,"Adventure, Action, Science Fiction",dKrVegVI0Us
384018,Fast & Furious Presents: Hobbs & Shaw,6.9,6618,2019-08-01,137,/hpgda6P9GutvdkDX5MUJ92QG9aj.jpg,"Ever since US Diplomatic Security Service Agent Hobbs and lawless outcast Shaw first faced off, they just have traded smack talk and body blows. But when cyber-genetically enhanced anarchist Brixton's ruthless actions threaten the future of humanity, they join forces to defeat him.",70.7,/qRyy2UmjC5ur9bDi3kpNNRCc5nc.jpg,Nothing is stronger than family.,"Action, Adventure, Comedy",b736ZM_KfEk
335984,Blade Runner 2049,7.5,12331,2017-10-04,164,/uKbX1ha7KWyTecvpPpRCB3iFfj3.jpg,"Thirty years after the events of the first film, a new blade runner, LAPD Officer K, unearths a long-buried secret that has the potential to plunge what's left of society into chaos. K's discovery leads him on a quest to find Rick Deckard, a former LAPD blade runner who has been missing for 30 years.",70.5,/gajva2L0rPYkEWjzgFlBXCAVBE5.jpg,The key to the future is finally unearthed.,"Science Fiction, Drama",geFtxCSz8xI
284052,Doctor Strange,7.4,20935,2016-10-25,115,/qUv51IFUvVRAP2379ThmA3eLJx6.jpg,"After his career is destroyed, a brilliant but arrogant surgeon gets a new lease on life when a sorcerer takes him under her wing and trains him to defend the world against evil.",70.5,/uGBVj3bEbCoZbDjjl9wTxcygko1.jpg,The impossibilities are endless.,"Action, Adventure, Fantasy",HSzx-zryEgM
774825,The Ice Age Adventures of Buck Wild,6.7,1560,2022-01-28,82,/eG0oOQVsniPAuecPzDD1B1gnYWy.jpg,The fearless one-eyed weasel Buck teams up with mischievous possum brothers Crash & Eddie as they head off on a new adventure into Buck's home: The Dinosaur World.,70.5,/zzXFM4FKDG7l1ufrAkwQYv2xvnh.jpg,Disney+ gets wild.,"Animation, Comedy, Adventure, Family",DSbpMKROvnc
836225,The Exorcism of God,7.1,909,2022-03-11,98,/b1L7qevxiVpkVFq4dmdQPGFPWH0.jpg,"An American priest working in Mexico is considered a saint by many local parishioners. However, due to a botched exorcism, he carries a secret that’s eating him alive until he gets an opportunity to face his demon one final time.",70.3,/hangTmbxpSV4gpHG7MgSlCWSSFa.jpg,God and the Devil cannot exist in the same body.,Horror,VdLI8I4jZD0
381284,Hidden Figures,8.1,8958,2016-12-10,127,/rfkIeCaIHhN3K5wjJJqKmfUjYp8.jpg,"The untold story of Katherine G. Johnson, Dorothy Vaughan and Mary Jackson – brilliant African-American women working at NASA and serving as the brains behind one of the greatest operations in history – the launch of astronaut John Glenn into orbit. The visionary trio crossed all gender and race lines to inspire generations to dream big.",70.3,/9lfz2W2uGjyow3am00rsPJ8iOyq.jpg,"Meet the women you don't know, behind the mission you do.","Drama, History",5wfrDhgUMGI
330457,Frozen II,7.3,9060,2019-11-20,103,/xJWPZIYOEFIjZpBL7SVBGnzRYXp.jpg,"Elsa, Anna, Kristoff and Olaf head far into the forest to learn the truth about an ancient mystery of their kingdom.",70.2,/mINJaa34MtknCYl5AjtNJzWj8cD.jpg,The past is not what it seems.,"Family, Animation, Adventure, Comedy, Fantasy",vSKlICmmi98
988078,Through My Window: Across the Sea,6.6,556,2023-06-23,110,/2X5nnvkWvYRFmTspXY7lsJqDzog.jpg,"After a year of long-distance, Raquel and Ares reunite on a steamy beach trip. Faced with fresh flirtations and insecurities, will their love prevail?",70.1,/dAyJqJ8KoglZysttC6BfVmDFQUt.jpg,,"Romance, Drama, Comedy",5LvVaQPNqHU
57158,The Hobbit: The Desolation of Smaug,7.6,12255,2013-12-11,161,/npCPnwDyWfQltGfIZKN6WqeUXGI.jpg,"The Dwarves, Bilbo and Gandalf have successfully escaped the Misty Mountains, and Bilbo has gained the One Ring. They all continue their journey to get their gold back from the Dragon, Smaug.",70.0,/70Ux6sHFIqu0bVFp8xzBZCOQFXM.jpg,Beyond darkness... beyond desolation... lies the greatest danger of all.,"Fantasy, Adventure, Action",gAo95e7_XKA
420817,Aladdin,7.1,9441,2019-05-22,127,/rVqY0Bo4Npf6EIONUROxjYAJfmD.jpg,A kindhearted street urchin named Aladdin embarks on a magical adventure after finding a lamp that releases a wisecracking genie while a power-hungry Grand Vizier vies for the same lamp that has the power to make their deepest wishes come true.,69.6,/ykUEbfpkf8d0w49pHh0AD2KrT52.jpg,Choose Wisely.,"Adventure, Fantasy, Romance, Family",h44kpghglWw
44896,Rango,6.8,5969,2011-03-02,107,/6B2tOYhaIpv3kPKBkvdebX624Gw.jpg,"When Rango, a lost family pet, accidentally winds up in the gritty, gun-slinging town of Dirt, the less-than-courageous lizard suddenly finds he stands out. Welcomed as the last hope the town has been waiting for, new Sheriff Rango is forced to play his new role to the hilt.",69.6,/oVeRl1SRADz74OrY97usmP1flLV.jpg,Heroes come in all different colors.,"Animation, Comedy, Family, Western, Adventure",_gQys92pTqM
550,Fight Club,8.4,27238,1999-10-15,139,/hZkgoQYus5vegHoetLkCJzb17zJ.jpg,"A ticking-time-bomb insomniac and a slippery soap salesman channel primal male aggression into a shocking new form of therapy. Their concept catches on, with underground ""fight clubs"" forming in every town, until an eccentric gets in the way and ignites an out-of-control spiral toward oblivion.",69.5,/pB8BM7pdSp6B6Ih7QZ4DrQ3PmJK.jpg,Mischief. Mayhem. Soap.,Drama,dfeUzm6KF4g
717728,Jeepers Creepers: Reborn,5.6,870,2022-09-15,88,/jpipejVjqn7ifln05xeq9zpvprf.jpg,"Forced to travel with her boyfriend to a horror festival, Laine begins to experience disturbing visions associated with the urban legend of The Creeper. As the festival arrives and the blood-soaked entertainment builds to a frenzy, she becomes the center of it while something unearthly has been summoned.",69.5,/pyFyhcXx4kNnLbzEY5z5fc3RehQ.jpg,Evil's Back. For More.,"Horror, Thriller, Mystery",eNH2bRZ6gJw
280,Terminator 2: Judgment Day,8.1,11744,1991-07-03,137,/xKb6mtdfI5Qsggc44Hr9CCUDvaj.jpg,"Nearly 10 years have passed since Sarah Connor was targeted for termination by a cyborg from the future. Now her son, John, the future leader of the resistance, is the target for a newer, more deadly terminator. Once again, the resistance has managed to send a protector back to attempt to save John and his mother Sarah.",69.4,/5M0j0B18abtBI5gi2RhfjjurTqb.jpg,It's nothing personal.,"Action, Thriller, Science Fiction",BuBD2s2NmEM
58,Pirates of the Caribbean: Dead Man's Chest,7.3,14868,2006-07-06,151,/vv5a8u6e40kyH0Hp6HuamAgzRai.jpg,Captain Jack Sparrow works his way out of a blood debt with the ghostly Davy Jones to avoid eternal damnation.,69.4,/uXEqmloGyP7UXAiphJUu2v2pcuE.jpg,Captain Jack is back!,"Adventure, Fantasy, Action",elqO-GNfStM
638974,Murder Mystery 2,6.5,1353,2023-03-28,91,/AwB7HGeDTrBGkP2WEnNwg8Wa0E4.jpg,"After starting their own detective agency, Nick and Audrey Spitz land a career-making case when their billionaire pal is kidnapped from his wedding.",69.2,/s1VzVhXlqsevi8zeCMG9A16nEUf.jpg,This mystery is deux or die.,"Comedy, Crime",LM2F56uK0fs
10193,Toy Story 3,7.8,13777,2010-06-16,103,/uAfhsySkr1UzQg1zdg3dZQRz9Fd.jpg,"Woody, Buzz, and the rest of Andy's toys haven't been played with in years. With Andy about to go to college, the gang find themselves accidentally left at a nefarious day care center. The toys must band together to escape and return home to Andy.",69.1,/AbbXspMOwdvwWZgVN0nabZq03Ec.jpg,No toy gets left behind.,"Animation, Family, Comedy",6c3K7LhA9Yc
459151,The Boss Baby: Family Business,7.4,2274,2021-07-01,107,/yBov7O4eXDcBLDpZrOHZzFr8rIl.jpg,The Templeton brothers — Tim and his Boss Baby little bro Ted — have become adults and drifted away from each other. But a new boss baby with a cutting-edge approach and a can-do attitude is about to bring them together again … and inspire a new family business.,69.1,/kv2Qk9MKFFQo4WQPaYta599HkJP.jpg,Playtime is over.,"Animation, Comedy, Adventure, Family",-rF2j6K5FoM
372058,Your Name.,8.5,10303,2016-08-26,106,/dIWwZW7dJJtqC6CgWzYkNVKIUm8.jpg,"High schoolers Mitsuha and Taki are complete strangers living separate lives. But one night, they suddenly switch places. Mitsuha wakes up in Taki’s body, and he in hers. This bizarre occurrence continues to happen randomly, and the two must adjust their lives around each other.",69.0,/q719jXXEzOoYaps6babgKnONONX.jpg,"It was almost like seeing something out of a dream, nothing more or less than a breathtaking view.","Romance, Animation, Drama",RuyHIkXdYf8
631842,Knock at the Cabin,6.4,1828,2023-02-01,100,/1dubuCInk9DM9JBjiItBGkkkZx0.jpg,"While vacationing at a remote cabin, a young girl and her two fathers are taken hostage by four armed strangers who demand that the family make an unthinkable choice to avert the apocalypse. With limited access to the outside world, the family must decide what they believe before all is lost.",68.1,/dm06L9pxDOL9jNSK4Cb6y139rrG.jpg,Save your family or save humanity. Make the choice.,"Thriller, Mystery, Horror",gv_QhoUy-xc
129,Spirited Away,8.5,14913,2001-07-20,125,/Ab8mkHmkYADjU7wQiOkia9BzGvS.jpg,"A young girl, Chihiro, becomes trapped in a strange new world of spirits. When her parents undergo a mysterious transformation, she must call upon the courage she never knew she had to free her family.",68.0,/39wmItIWsg5sZMyRUHLkWBcuVCM.jpg,,"Animation, Family, Fantasy",GAp2_0JJskk
961323,Nimona,8.0,515,2023-06-23,102,/4QpKxH614YFIsmiIBVUbsnG2H8w.jpg,"A knight framed for a tragic crime teams with a scrappy, shape-shifting teen to prove his innocence.",67.6,/2NQljeavtfl22207D1kxLpa4LS3.jpg,A new hero takes shape.,"Animation, Fantasy, Adventure, Comedy, Family",f_fuHRyQbOc
724495,The Woman King,7.7,1723,2022-09-16,135,/xTsERrOCW15OIYl5aPX7Jbj38wu.jpg,"The story of the Agojie, the all-female unit of warriors who protected the African Kingdom of Dahomey in the 1800s with skills and a fierceness unlike anything the world has ever seen, and General Nanisca as she trains the next generation of recruits and readies them for battle against an enemy determined to destroy their way of life.",67.6,/438QXt1E3WJWb3PqNniK0tAE5c1.jpg,Her reign begins.,"Action, Drama, History",3RDaPV_rJ1Y
283995,Guardians of the Galaxy Vol. 2,7.6,20353,2017-04-19,137,/aJn9XeesqsrSLKcHfHP4u5985hn.jpg,The Guardians must fight to keep their newfound family together as they unravel the mysteries of Peter Quill's true parentage.,67.6,/y4MBh0EjBlMuOzv9axM4qJlmhzz.jpg,Obviously.,"Science Fiction, Adventure, Action",wUn05hdkhjM
762975,Purple Hearts,8.2,2120,2022-07-29,122,/iQlJyRecJeGGzQGT2rEcyAgz89F.jpg,"An aspiring musician agrees to a marriage of convenience with a soon-to-deploy Marine, but a tragedy soon turns their fake relationship all too real.",67.5,/4JyNWkryifWbWXJyxcWh3pVya6N.jpg,,"Romance, Drama",WTLgg8oRSBE
87101,Terminator Genisys,5.9,7870,2015-06-23,126,/g4a5YLWwi6OCp8TcvxsUNrXMbN5.jpg,"The year is 2029. John Connor, leader of the resistance continues the war against the machines. At the Los Angeles offensive, John's fears of the unknown future begin to emerge when TECOM spies reveal a new plot by SkyNet that will attack him from both fronts; past and future, and will ultimately change warfare forever.",67.3,/oZRVDpNtmHk8M1VYy1aeOWUXgbC.jpg,Reset the future,"Science Fiction, Action, Thriller, Adventure",Dx3ShEjUId0
49530,In Time,7.0,10556,2011-10-27,109,/kx2YVkcsnTnmF9XGTAj2NqEcHFG.jpg,"In the not-too-distant future the aging gene has been switched off. To avoid overpopulation, time has become the currency and the way people pay for luxuries and necessities. The rich can live forever, while the rest try to negotiate for their immortality. A poor young man who comes into a fortune of time, though too late to help his mother from dying. He ends up on the run from a corrupt police force known as 'time keepers'.",67.2,/3Mwj2sIONQckOZP3YwsUXF7U5I4.jpg,Time Is Power,"Action, Thriller, Science Fiction",xhYUaR5QiUs
49046,All Quiet on the Western Front,7.7,3127,2022-10-07,147,/kZZ9JuZ5CMvH0Y2LwboekvXIHqQ.jpg,"Paul Baumer and his friends Albert and Muller, egged on by romantic dreams of heroism, voluntarily enlist in the German army. Full of excitement and patriotic fervour, the boys enthusiastically march into a war they believe in. But once on the Western Front, they discover the soul-destroying horror of World War I.",67.0,/2IRjbi9cADuDMKmHdLK7LaqQDKA.jpg,,"Drama, War",hf8EYbVxtCY
140607,Star Wars: The Force Awakens,7.3,18352,2015-12-15,136,/8BTsTfln4jlQrLXUBquXJ0ASQy9.jpg,"Thirty years after defeating the Galactic Empire, Han Solo and his allies face a new threat from the evil Kylo Ren and his army of Stormtroopers.",66.8,/wqnLdwVXoBjKibFRR5U3y0aDUhs.jpg,Every generation has a story.,"Adventure, Action, Science Fiction",sGbxmsDFVnE
272,Batman Begins,7.7,19561,2005-06-10,140,/lh5lbisD4oDbEKgUxoRaZU8HVrk.jpg,"Driven by tragedy, billionaire Bruce Wayne dedicates his life to uncovering and defeating the corruption that plagues his home, Gotham City.  Unable to work within the system, he instead creates a new identity, a symbol of fear for the criminal underworld - The Batman.",66.3,/4MpN4kIEqUjW8OPtOQJXlTdHiJV.jpg,Evil fears the knight.,"Action, Crime, Drama",FiL1_5DWV7Y
668482,Roald Dahl's Matilda the Musical,6.8,636,2022-11-25,117,/nWs0auTqn2UaFGfTKtUE5tlTeBu.jpg,"An extraordinary young girl discovers her superpower and summons the remarkable courage, against all odds, to help others change their stories, whilst also taking charge of her own destiny. Standing up for what's right, she's met with miraculous results.",66.2,/ga8R3OiOMMgSvZ4cOj8x7prUNYZ.jpg,Meet the exception to the rules.,"Family, Comedy, Fantasy",mEEMbNS6fzY
383498,Deadpool 2,7.5,16324,2018-05-10,120,/3P52oz9HPQWxcwHOwxtyrVV1LKi.jpg,Wisecracking mercenary Deadpool battles the evil and powerful Cable and other bad guys to save a boy's life.,66.1,/to0spRl1CMDvyUbOnbb4fTk3VAd.jpg,Prepare for the Second Coming.,"Action, Comedy, Adventure",20bpjtCbCz0
315635,Spider-Man: Homecoming,7.3,20507,2017-07-05,133,/fn4n6uOYcB6Uh89nbNPoU2w80RV.jpg,"Following the events of Captain America: Civil War, Peter Parker, with the help of his mentor Tony Stark, tries to balance his life as an ordinary high school student in Queens, New York City, with fighting crime as his superhero alter ego Spider-Man as a new threat, the Vulture, emerges.",65.9,/c24sv2weTHPsmDa7jEMN0m2P3RT.jpg,Homework can wait. The city can't.,"Action, Adventure, Science Fiction, Drama",xEvV3OsE2WM
642885,Hocus Pocus 2,7.3,1458,2022-09-30,107,/ml8YBTJq7UkALfI022FWscCQuQW.jpg,"29 years since the Black Flame Candle was last lit, the 17th-century Sanderson sisters are resurrected, and they are looking for revenge. Now it's up to three high school students to stop the ravenous witches from wreaking a new kind of havoc on Salem before dawn on All Hallow's Eve.",65.4,/7ze7YNmUaX81ufctGqt0AgHxRtL.jpg,Back and more glorious than ever.,"Fantasy, Comedy, Family",idc0EOmKr30
10192,Shrek Forever After,6.4,6751,2010-05-16,93,/gVl6aX2paJIHpMxAAe8X36VNExi.jpg,"A bored and domesticated Shrek pacts with deal-maker Rumpelstiltskin to get back to feeling like a real ogre again, but when he's duped and sent to a twisted version of Far Far Away—where Rumpelstiltskin is king, ogres are hunted, and he and Fiona have never met—he sets out to restore his world and reclaim his true love.",65.4,/6HrfPZtKcGmX2tUWW3cnciZTaSD.jpg,It ain't Ogre... Til it's Ogre,"Comedy, Adventure, Fantasy, Animation, Family",WV8bbMxPBdc
424,Schindler's List,8.6,14594,1993-12-15,195,/zb6fM1CX41D9rF9hdgclu0peUmy.jpg,The true story of how businessman Oskar Schindler saved over a thousand Jewish lives from the Nazis while they worked as slaves in his factory during World War II.,65.1,/sF1U4EUQS8YHUYjNl3pMGNIQyr0.jpg,"Whoever saves one life, saves the world entire.","Drama, History, War",mxphAlJID9U
1067282,Demon Slayer: Kimetsu no Yaiba -To the Swordsmith Village-,7.4,310,2023-02-03,115,/tcYO8ay3A0liCWxHu2creU3Q9IB.jpg,"After his family is viciously murdered, a kind-hearted boy named Tanjiro Kamado resolves to become a Demon Slayer in hopes of turning his younger sister Nezuko back into a human.  Together with his comrades, Zenitsu and Inosuke, along with one of the top-ranking members of the Demon Slayer Corps, Tengen Uzui, Tanjiro embarks on a mission within the Entertainment District, where they encounter the formidable, high-ranking demons, Daki and Gyutaro.",64.9,/hEhGrcST85vMd63PBDgPBqih2tR.jpg,Destroyer of demons.,"Action, Animation, Fantasy",Mz5OcKiGoV8
190859,American Sniper,7.4,12107,2014-12-25,133,/smAnf46gZL1jXuP9nZvkM3Uynav.jpg,"U.S. Navy SEAL Chris Kyle takes his sole mission—protect his comrades—to heart and becomes one of the most lethal snipers in American history. His pinpoint accuracy not only saves countless lives but also makes him a prime target of insurgents. Despite grave danger and his struggle to be a good husband and father to his family back in the States, Kyle serves four tours of duty in Iraq. However, when he finally returns home, he finds that he cannot leave the war behind.",64.8,/i1U46OwMc6vlm7OoSUKfqUH615e.jpg,The most lethal sniper in U.S. history.,"War, Action",iq7smHSQPho
630240,Titane,6.4,1193,2021-07-14,108,/zEddiBK6yZNUGVnmBJzmnYcEWiR.jpg,"A woman with a metal plate in her head from a childhood car accident embarks on a bizarre journey, bringing her into contact with a firefighter who's reunited with his missing son after 10 years.",64.8,/AeQC4gFwkIvjAwnSd2RPAlgs1VE.jpg,,"Drama, Thriller, Horror",_DmFHh7KsWc
177677,Mission: Impossible - Rogue Nation,7.2,8182,2015-07-23,131,/39gQ0wzN2N2VPLgwpzr3ebbh0jl.jpg,"Ethan and team take on their most impossible mission yet—eradicating 'The Syndicate', an International and highly-skilled rogue organization committed to destroying the IMF.",64.8,/jwqL7croP7JMVfz0l9o7V4yJsJO.jpg,Desperate times. Desperate measures.,"Action, Adventure",F-qBD17wwrQ
240,The Godfather Part II,8.6,11293,1974-12-20,202,/kGzFbGhp99zva6oZODW5atUtnqi.jpg,"In the continuing saga of the Corleone crime family, a young Vito Corleone grows up in Sicily and in 1910s New York. In the 1950s, Michael Corleone attempts to expand the family business into Las Vegas, Hollywood and Cuba.",64.8,/hek3koDUyRQk7FIhPXsa6mT2Zc3.jpg,"I don't feel I have to wipe everybody out, Tom. Just my enemies.","Drama, Crime",9O1Iy9od7-A
496243,Parasite,8.5,16430,2019-05-30,133,/hiKmpZMGZsrkA3cdce8a7Dpos1j.jpg,"All unemployed, Ki-taek's family takes peculiar interest in the wealthy and glamorous Parks for their livelihood until they get entangled in an unexpected incident.",64.6,/7IiTTgloJzvGI1TAYymCfbfl3vT.jpg,Act like you own the place.,"Comedy, Thriller, Drama",bM9QabAojCg
758009,Shotgun Wedding,6.3,972,2022-12-28,101,/zGoZB4CboMzY1z4G3nU6BWnMDB2.jpg,"Darcy and Tom gather their families for the ultimate destination wedding but when the entire party is taken hostage, “’Til Death Do Us Part” takes on a whole new meaning in this hilarious, adrenaline-fueled adventure as Darcy and Tom must save their loved ones—if they don’t kill each other first.",64.5,/t79ozwWnwekO0ADIzsFP1E5SkvR.jpg,Save the day.,"Action, Comedy, Romance",U8gz0rUzTAY
39323,Dragon Ball Z: Bardock - The Father of Goku,7.5,586,1990-10-17,48,/qZi0WpsdFRIc6sT2jTyWVvFPx0b.jpg,"Bardock, Son Goku's father, is a low-ranking Saiyan soldier who was given the power to see into the future by the last remaining alien on a planet he just destroyed. He witnesses the destruction of his race and must now do his best to stop Frieza's impending massacre.",64.4,/docwOsWZuwJKQdwcYJtQPBcg6bm.jpg,,"Animation, Action, Science Fiction, Drama, Fantasy",A2gpattMh34
736526,Troll,6.7,1494,2022-12-01,104,/e9Qb2kmBnMXHCmNMI8NX1JbWhh1.jpg,"Deep inside the mountain of Dovre, something gigantic awakens after being trapped for a thousand years. Destroying everything in its path, the creature is fast approaching the capital of Norway. But how do you stop something you thought only existed in Norwegian folklore?",64.3,/ulgKdif3ubMACDltr8VZy6fyVjW.jpg,Mountains will move.,"Fantasy, Action, Adventure",AiohkY_XQYQ
545611,Everything Everywhere All at Once,7.8,5210,2022-03-24,140,/ss0Os3uWJfQAENILHZUdX8Tt1OC.jpg,"An aging Chinese immigrant is swept up in an insane adventure, where she alone can save what's important to her by connecting with the lives she could have led in other universes.",64.3,/rKvCys0fMIIi1X9rmJBxTPLAtoU.jpg,The universe is so much bigger than you realize.,"Action, Adventure, Science Fiction",wxN1T1uxQ2g
4247,Scary Movie,6.3,6346,2000-07-07,88,/m5dA4JZsj78EBTa2D6imWOAebwB.jpg,"A familiar-looking group of teenagers find themselves being stalked by a more-than-vaguely recognizable masked killer! As the victims begin to pile up and the laughs pile on, none of your favorite scary movies escape the razor-sharp satire of this outrageously funny parody!",64.0,/lRQiJXETkCnVVurHmglNvMXrZOx.jpg,No mercy. No shame. No sequel.,Comedy,HTLPULt0eJ4
649609,Renfield,6.7,1014,2023-04-07,93,/nBEFrdcVhwceGSFw83RksxY9Blg.jpg,"Having grown sick and tired of his centuries as Dracula's lackey, Renfield finds a new lease on life — and maybe even redemption — when he falls for feisty, perennially angry traffic cop Rebecca Quincy.",63.9,/jG83l0tDwoQj3hBAioIsJ5rTPHw.jpg,Sucks to be him.,"Comedy, Horror, Fantasy",OkMep-7CXCI
23823,Wrong Turn 3: Left for Dead,5.6,1037,2009-10-20,91,/jncviKGvFlxdeh6vYWe9g4LmG3j.jpg,"A group of people find themselves trapped in the backwoods of West Virginia, fighting for their lives against a group of vicious and horribly disfigured inbred cannibals.",63.5,/84s4LMWuGbm4xPWW5PSbHyQhh33.jpg,What you don't see will kill you.,"Horror, Thriller",yYAyDmOjZi0
557,Spider-Man,7.3,17653,2002-05-01,121,/jHxCeXnSchAuwHnmVatTgqMYdX8.jpg,"After being bitten by a genetically altered spider at Oscorp, nerdy but endearing high school student Peter Parker is endowed with amazing powers to become the superhero known as Spider-Man.",63.5,/gh4cZbhZxyTbgxQPxD0dOudNPTn.jpg,With great power comes great responsibility.,"Fantasy, Action",t06RUxPbp_c
529203,The Croods: A New Age,7.5,3508,2020-11-25,95,/ytTQoYkdpsgtfDWrNFCei8Mfbxu.jpg,"Searching for a safer habitat, the prehistoric Crood family discovers an idyllic, walled-in paradise that meets all of its needs. Unfortunately, they must also learn to live with the Bettermans -- a family that's a couple of steps above the Croods on the evolutionary ladder. As tensions between the new neighbors start to rise, a new threat soon propels both clans on an epic adventure that forces them to embrace their differences, draw strength from one another, and survive together.",63.5,/tbVZ3Sq88dZaCANlUcewQuHQOaE.jpg,The future ain't what it used to be.,"Animation, Family, Adventure, Fantasy, Comedy",hy4vAqF9Ko0
420818,The Lion King,7.1,9325,2019-07-12,118,/1TUg5pO1VZ4B0Q1amk3OlXvlpXV.jpg,"Simba idolizes his father, King Mufasa, and takes to heart his own royal destiny. But not everyone in the kingdom celebrates the new cub's arrival. Scar, Mufasa's brother—and former heir to the throne—has plans of his own. The battle for Pride Rock is ravaged with betrayal, tragedy and drama, ultimately resulting in Simba's exile. With help from a curious pair of newfound friends, Simba will have to figure out how to grow up and take back what is rightfully his.",63.4,/dzBtMocZuJbjLOXvrl4zGYigDzh.jpg,The King has Returned.,"Adventure, Drama, Family",7TavVZMewpY
436969,The Suicide Squad,7.6,7692,2021-07-28,132,/jlGmlFOcfo8n5tURmhC7YVd4Iyy.jpg,"Supervillains Harley Quinn, Bloodsport, Peacemaker and a collection of nutty cons at Belle Reve prison join the super-secret, super-shady Task Force X as they are dropped off at the remote, enemy-infused island of Corto Maltese.",63.2,/kb4s0ML0iVZlG6wAKbbs9NAm6X.jpg,They're dying to save the world.,"Action, Comedy, Adventure",eg5ciqQzmK0
779782,The School for Good and Evil,7.1,1046,2022-10-19,146,/tSxbUnrnWlR5dQvUgqMI7sACmFD.jpg,Best friends Sophie and Agatha navigate an enchanted school for young heroes and villains — and find themselves on opposing sides of the battle between good and evil.,63.1,/6oZeEu1GDILdwezmZ5e2xWISf1C.jpg,There are two sides to every story.,Fantasy,aOWFNAmMplU
260514,Cars 3,6.9,5263,2017-06-15,102,/86TlYSntBzD4pxLNM6U3GoOfGdD.jpg,"Blindsided by a new generation of blazing-fast racers, the legendary Lightning McQueen is suddenly pushed out of the sport he loves. To get back in the game, he will need the help of an eager young race technician with her own plan to win, inspiration from the late Fabulous Hudson Hornet, and a few unexpected turns. Proving that #95 isn't through yet will test the heart of a champion on Piston Cup Racing’s biggest stage!",63.0,/jJ8TnHvWHaVadW5JJjGYsM07j9i.jpg,It's not over until lightning strikes.,"Animation, Adventure, Comedy, Family",ZuaseSovWDY
9806,The Incredibles,7.7,16584,2004-10-27,115,/se5Hxz7PArQZOG3Nx2bpfOhLhtV.jpg,"Bob Parr has given up his superhero days to log in time as an insurance adjuster and raise his three children with his formerly heroic wife in suburbia. But when he receives a mysterious assignment, it's time to get back into costume.",62.6,/2LqaLgk4Z226KkgPJuiOQ58wvrm.jpg,"No gut, no glory","Action, Adventure, Animation, Family",sJCjKQQOqT0
550988,Free Guy,7.6,7662,2021-08-11,115,/7py8kUCYaOdFn1TfVS87BDBySOz.jpg,"A bank teller discovers he is actually a background player in an open-world video game, and decides to become the hero of his own story. Now, in a world where there are no limits, he is determined to be the guy who saves his world his way before it's too late.",62.6,/xmbU4JTUm8rsdtn7Y3Fcm30GpeT.jpg,Life's too short to be a background character.,"Comedy, Adventure, Science Fiction",cttnRmcr_ME
105,Back to the Future,8.3,18442,1985-07-03,116,/5bzPWQ2dFUl2aZKkp7ILJVVkRed.jpg,"Eighties teenager Marty McFly is accidentally sent back in time to 1955, inadvertently disrupting his parents' first meeting and attracting his mother's romantic interest. Marty must repair the damage to history by rekindling his parents' romance and - with the help of his eccentric inventor friend Doc Brown - return to 1985.",62.5,/fNOH9f1aA7XRTzl1sAOx9iF553Q.jpg,He's the only kid ever to get into trouble before he was born.,"Adventure, Comedy, Science Fiction",ez6WQ7IX72U
168259,Furious 7,7.2,9988,2015-04-01,137,/cHkhb5A4gQRK6zs6Pv7zorHs8Nk.jpg,Deckard Shaw seeks revenge against Dominic Toretto and his family for his comatose brother.,62.3,/ktofZ9Htrjiy0P6LEowsDaxd3Ri.jpg,Vengeance hits home,"Action, Thriller, Crime",B3Ms2yFvus0
239563,St. Vincent,7.1,1725,2014-10-09,102,/9aMc1qRu4bFV8spem94WzYo9TgM.jpg,"A young boy whose parents just divorced finds an unlikely friend and mentor in the misanthropic, bawdy, hedonistic, war veteran who lives next door.",62.2,/1bb7MTHCIPhpKZFysDpxNaNrdMk.jpg,Love Thy Neighbor,Comedy,hAx6-bW7EuM
20982,Naruto Shippuden the Movie,7.4,766,2007-08-04,94,/sZIJkZPKySo398Me4HLeUM7eCy0.jpg,"Demons that once almost destroyed the world, are revived by someone. To prevent the world from being destroyed, the demon has to be sealed and the only one who can do it is the shrine maiden Shion from the country of demons, who has two powers; one is sealing demons and the other is predicting the deaths of humans. This time Naruto's mission is to guard Shion, but she predicts Naruto's death. The only way to escape it, is to get away from Shion, which would leave her unguarded, then the demon, whose only goal is to kill Shion will do so, thus meaning the end of the world. Naruto decides to challenge this ""prediction of death.""",62.2,/vDkct38sSFSWJIATlfJw0l3QOIR.jpg,,"Animation, Action, Fantasy",57eqTNwLVbk
32657,Percy Jackson & the Olympians: The Lightning Thief,6.2,6964,2010-02-01,118,/sEyNWq9985lyUrwayWnvicT4FHA.jpg,"Accident prone teenager, Percy discovers he's actually a demi-God, the son of Poseidon, and he is needed when Zeus' lightning is stolen. Percy must master his new found skills in order to prevent a war between the Gods that could devastate the entire world.",62.1,/vayx5t1cYCpBGV9ylTGn0Sr9rA2.jpg,Worlds collide.,"Adventure, Fantasy, Family",R86InkfdboA
166426,Pirates of the Caribbean: Dead Men Tell No Tales,6.6,11176,2017-05-23,128,/7C921eWK06n12c1miRXnYoEu5Yv.jpg,"Thrust into an all-new adventure, a down-on-his-luck Capt. Jack Sparrow feels the winds of ill-fortune blowing even more strongly when deadly ghost sailors led by his old nemesis, the evil Capt. Salazar, escape from the Devil's Triangle. Jack's only hope of survival lies in seeking out the legendary Trident of Poseidon, but to find it, he must forge an uneasy alliance with a brilliant and beautiful astronomer and a headstrong young man in the British navy.",62.0,/qwoGfcg6YUS55nUweKGujHE54Wy.jpg,All pirates must die.,"Adventure, Action, Fantasy",jnVk2C2YrSA
10527,Madagascar: Escape 2 Africa,6.5,6371,2008-10-30,89,/r2M9ElkHxEJP7riCFbT5N0uXZTc.jpg,"Alex, Marty, and other zoo animals find a way to escape from Madagascar when the penguins reassemble a wrecked airplane. The precariously repaired craft stays airborne just long enough to make it to the African continent. There the New Yorkers encounter members of their own species for the first time. Africa proves to be a wild place, but Alex and company wonder if it is better than their Central Park home.",61.9,/agRbLOHgN46TQO4YdKR462iR7To.jpg,Still together. Still lost!,"Family, Adventure, Animation, Comedy",hLVjIhPYq7s
60304,Hansel & Gretel: Witch Hunters,6.0,6324,2013-01-17,88,/mJSe5dxKu8Sq0GfdjdWVqdGvzfV.jpg,"After getting a taste for blood as children, Hansel and Gretel have become the ultimate vigilantes, hell-bent on retribution. Now, unbeknownst to them, Hansel and Gretel have become the hunted, and must face an evil far greater than witches... their past.",61.9,/j343Rpj3WeNvP0SV80zveve70io.jpg,Classic tale. New twist.,"Fantasy, Horror, Action",ErGy23X0B9Q
166428,How to Train Your Dragon: The Hidden World,7.8,5817,2019-01-03,104,/lFwykSz3Ykj1Q3JXJURnGUTNf1o.jpg,"As Hiccup fulfills his dream of creating a peaceful dragon utopia, Toothless’ discovery of an untamed, elusive mate draws the Night Fury away. When danger mounts at home and Hiccup’s reign as village chief is tested, both dragon and rider must make impossible decisions to save their kind.",61.8,/xvx4Yhf0DVH8G4LzNISpMfFBDy2.jpg,The friendship of a lifetime,"Animation, Family, Adventure",5DEdq57E5ls
848058,Piggy,6.7,455,2022-10-07,99,/2iGUavwv86Hubv3V5Iq4qEQXDfE.jpg,A bullied overweight teenager sees a glimpse of hope when her tormentors are brutally abducted by a mesmerizing stranger.,61.8,/pIFeu5gF7ofAxI9NqrWbJAjjKn6.jpg,Adolescence can be brutal.,"Horror, Thriller, Drama",AmxqoA0VNjg
4232,Scream,7.4,6180,1996-12-20,112,/4PPC7fKClu0u7NTbo5xgV4vb5VD.jpg,"A year after the murder of her mother, Sidney Prescott is terrorized by a masked killer who targets her and her friends by using scary movies as part of a deadly game.",61.4,/aXAByjBN8UhaYvotqRCwa5MsMGu.jpg,Someone has taken their love of scary movies one step too far.,"Crime, Horror, Mystery",U0LETmDvuXc
169917,A Walk Among the Tombstones,6.3,2632,2014-09-18,114,/isrro0soStk2tSWMsI50lPPhUsU.jpg,Private investigator Matthew Scudder is hired by a drug kingpin to find out who kidnapped and murdered his wife.,61.4,/bQTHTZezSudf27mMQtedHf1XpgO.jpg,Some people are afraid of all the wrong things,"Crime, Drama, Mystery, Thriller",aTKBowDjMQg
353081,Mission: Impossible - Fallout,7.4,7537,2018-07-13,147,/aw4FOsWr2FY373nKSxbpNi3fz4F.jpg,"When an IMF mission ends badly, the world is faced with dire consequences. As Ethan Hunt takes it upon himself to fulfill his original briefing, the CIA begin to question his loyalty and his motives. The IMF team find themselves in a race against time, hunted by assassins while trying to prevent a global catastrophe.",61.3,/AkJQpZp9WoNdj7pLYSj1L0RcMMN.jpg,Some missions are not a choice.,"Action, Adventure",MEOOas3JZt0
559,Spider-Man 3,6.4,13098,2007-05-01,139,/w1oD1MzHjnBJc5snKupIQaSBLIh.jpg,"The seemingly invincible Spider-Man goes up against an all-new crop of villains—including the shape-shifting Sandman. While Spider-Man’s superpowers are altered by an alien organism, his alter ego, Peter Parker, deals with nemesis Eddie Brock and also gets caught up in a love triangle.",61.1,/qFmwhVUoUSXjkKRmca5yGDEXBIj.jpg,The battle within.,"Fantasy, Action, Adventure",e5wUilOeOmg
10198,The Princess and the Frog,7.2,5062,2009-12-08,98,/z62CBlBBBOoNUuuxZ1jMAcq5ARE.jpg,"A waitress, desperate to fulfill her dreams as a restaurant owner, is set on a journey to turn a frog prince back into a human being, but she has to face the same problem after she kisses him.",61.1,/yprv5PbnEksoVj2v6XEnDBg9joR.jpg,Every love story begins with a kiss...,"Romance, Family, Animation",uQBy6jqbmlU
301528,Toy Story 4,7.5,9093,2019-06-19,100,/q62bpQ67qaXY0u6b2wFEnQYIbPd.jpg,"Woody has always been confident about his place in the world and that his priority is taking care of his kid, whether that's Andy or Bonnie. But when Bonnie adds a reluctant new toy called ""Forky"" to her room, a road trip adventure alongside old and new friends will show Woody how big the world can be for a toy.",61.1,/w9kR8qbmQ01HwnvK4alvnQ2ca0L.jpg,Get Ready to Hit the Road,"Family, Adventure, Animation, Comedy, Fantasy",Pl9JS8-gnWQ
68721,Iron Man 3,6.9,21064,2013-04-18,130,/aFTYFqrWp4RS46Twm87l5e0ItYb.jpg,"When Tony Stark's world is torn apart by a formidable terrorist called the Mandarin, he starts an odyssey of rebuilding and retribution.",61.1,/qhPtAc1TKbMPqNvcdXSOn9Bn7hZ.jpg,Unleash the power behind the armor.,"Action, Adventure, Science Fiction",YLorLVa95Xo
118,Charlie and the Chocolate Factory,7.0,13967,2005-07-13,115,/bSvUW4JQ6g4QiKvwejcfcPRd4Ke.jpg,"A young boy wins a tour through the most magnificent chocolate factory in the world, led by the world's most unusual candy maker.",60.9,/wfGfxtBkhBzQfOZw4S8IQZgrH0a.jpg,Prepare for a taste of adventure.,"Adventure, Comedy, Family, Fantasy",p6JAQ2aoXm0
810,Shrek the Third,6.3,8318,2007-05-17,93,/qSNz1G1Ts8fFw6v4Vae4aMAjcY7.jpg,"The King of Far Far Away has died and Shrek and Fiona are to become King & Queen. However, Shrek wants to return to his cozy swamp and live in peace and quiet, so when he finds out there is another heir to the throne, they set off to bring him back to rule the kingdom.",60.8,/n4SexGGQzI26E269tfpa80MZaGV.jpg,He’s in for the Royal Treatment.,"Fantasy, Adventure, Animation, Comedy, Family",InR865IDDjU
50620,The Twilight Saga: Breaking Dawn - Part 2,6.5,8352,2012-11-13,115,/qkl57wzSFrpi2sRpoc2mZJbMuLP.jpg,"After the birth of Renesmee, the Cullens gather other vampire clans in order to protect the child from a false allegation that puts the family in front of the Volturi.",60.8,/7IGdPaKujv0BjI0Zd0m0a4CzEjJ.jpg,The epic finale that will live forever,"Adventure, Fantasy, Drama, Romance",bUXjqQ4GKRg
85,Raiders of the Lost Ark,7.9,11483,1981-06-12,115,/f3XrGXd34Ru7o39LUwWvk5igEV7.jpg,"When Dr. Indiana Jones – the tweed-suited professor who just happens to be a celebrated archaeologist – is hired by the government to locate the legendary Ark of the Covenant, he finds himself up against the entire Nazi regime.",60.8,/ceG9VzoRAVGwivFU403Wc3AHRys.jpg,Indiana Jones - the new hero from the creators of JAWS and STAR WARS.,"Adventure, Action",0xQSIdSRlAk
508943,Luca,7.9,7625,2021-06-17,95,/620hnMVLu6RSZW6a5rwO8gqpt0t.jpg,Luca and his best friend Alberto experience an unforgettable summer on the Italian Riviera. But all the fun is threatened by a deeply-held secret: they are sea monsters from another world just below the water’s surface.,60.8,/8tABCBpzu3mZbzMB3sRzMEHEvJi.jpg,Prepare for an unforgettable trip.,"Animation, Comedy, Fantasy, Adventure, Family",mYfJxlgR2jw
937278,A Man Called Otto,7.8,1857,2022-12-28,126,/v2LilmCylr3bL9TCZSj6syjowZh.jpg,"When a lively young family moves in next door, grumpy widower Otto Anderson meets his match in a quick-witted, pregnant woman named Marisol, leading to an unlikely friendship that turns his world upside down.",60.7,/130H1gap9lFfiTF9iDrqNIkFvC9.jpg,Fall in love with the grumpiest man in America.,"Comedy, Drama",XvbGalkHKPY
524434,Eternals,6.9,7493,2021-11-03,156,/c6H7Z4u73ir3cIoCteuhJh7UCAR.jpg,"The Eternals are a team of ancient aliens who have been living on Earth in secret for thousands of years. When an unexpected tragedy forces them out of the shadows, they are forced to reunite against mankind’s most ancient enemy, the Deviants.",60.5,/lFByFSLV5WDJEv3KabbdAF959F2.jpg,In the beginning...,"Science Fiction, Action, Adventure",x_me3xsvDgk
9654,The Italian Job,6.8,5113,2003-05-30,110,/7bWa6MjkalUyf6JdOXlCRKbLpS0.jpg,"Charlie Croker pulled off the crime of a lifetime. The one thing that he didn't plan on was being double-crossed. Along with a drop-dead gorgeous safecracker, Croker and his team take off to re-steal the loot and end up in a pulse-pounding, pedal-to-the-metal chase that careens up, down, above and below the streets of Los Angeles.",60.5,/eSkjK4kctyrWpFhxl35GPvSs6tI.jpg,Get in. Get out. Get even.,"Action, Crime",mJgGUnV9i54
14869,G.I. Joe: The Rise of Cobra,5.8,4320,2009-08-03,118,/vBV2nF3yqYrskq2y1bSSuAuGqcz.jpg,"From the Egyptian desert to deep below the polar ice caps, the elite G.I. JOE team uses the latest in next-generation spy and military equipment to fight the corrupt arms dealer Destro and the growing threat of the mysterious Cobra organization to prevent them from plunging the world into chaos.",60.4,/mc9b25IAprHfsaOz0wTshOwGHcY.jpg,"When all else fails, they don't.","Adventure, Action, Thriller, Science Fiction",aFtzNHTB4C0
57214,Project X,6.8,5867,2012-03-01,88,/7bjSK3jQZf7lwEcwsux7Lso5eWi.jpg,"Three high school seniors throw a party to make a name for themselves. As the night progresses, things spiral out of control as word of the party spreads.",60.3,/lUPDGT3lyRrq8SvWuNWG2DP64bR.jpg,Witness it,Comedy,X28d7fbRGSQ
70981,Prometheus,6.5,11255,2012-05-30,124,/hO97RyNjBIMfzfFpUjNhsm4zImh.jpg,"A team of explorers discover a clue to the origins of mankind on Earth, leading them on a journey to the darkest corners of the universe. There, they must fight a terrifying battle to save the future of the human race.",60.3,/m7nZCtHJyDLncBUarfM5h5mrppx.jpg,The Search for Our Beginning Could Lead to Our End,"Science Fiction, Adventure, Mystery",pyz9ktII0dM
127585,X-Men: Days of Future Past,7.5,14433,2014-05-15,132,/6RZZNx2irPBou7JyFGwOIoioPYK.jpg,The ultimate X-Men ensemble fights a war for the survival of the species across two time periods as they join forces with their younger selves in an epic battle that must change the past – to save our future.,60.2,/tYfijzolzgoMOtegh1Y7j2Enorg.jpg,"To save the future, they must alter the past.","Action, Adventure, Science Fiction",gsjtg7m1MMM
11360,Dumbo,7.0,4591,1941-10-31,64,/aRVQ1EgTx3vbhK6qls2O834bPQc.jpg,"Dumbo is a baby elephant born with over-sized ears and a supreme lack of confidence. But thanks to his even more diminutive buddy Timothy the Mouse,  the pint-sized pachyderm learns to surmount all obstacles.",60.2,/4x9FmvdJ464Fg7A9XcbYSmxfVw3.jpg,The One...The Only...The FABULOUS...,"Animation, Family",8QgTNmlBxTE
47971,xXx: Return of Xander Cage,6.1,8541,2017-01-13,107,/4QLdZ2A8mkDWp2rpfgDrwmeCtUW.jpg,"Extreme athlete turned government operative Xander Cage comes out of self-imposed exile, thought to be long dead, and is set on a collision course with deadly alpha warrior Xiang and his team in a race to recover a sinister and seemingly unstoppable weapon known as Pandora's Box. Recruiting an all-new group of thrill-seeking cohorts, Xander finds himself enmeshed in a deadly conspiracy that points to collusion at the highest levels of world governments.",60.1,/hba8zREJpP1AYhaXgb2oJLQeO0K.jpg,"There are no more patriots, just rebels and tyrants.","Action, Adventure, Crime",-ziu6JzJTZ0
556694,Three Thousand Years of Longing,6.9,960,2022-08-24,108,/90IcDDC47Rck4D2fyZbpZ1rbFZW.jpg,"A solitary scholar discovers an ancient bottle while on a trip to Istanbul and unleashes a djinn who offers her three wishes. Filled with reluctance, she is unable to come up with one, so the djinn tries to inspire her with his stories.",60.0,/wdiUSKO0kebySOrHBVoDp7CLHIO.jpg,What would you wish for?,"Drama, Adventure, Fantasy, Romance",TWGvntl9itE
899112,Violent Night,7.5,1595,2022-11-30,112,/4osLKux8s7ieEdP9XwmNk446uxm.jpg,"When a team of mercenaries breaks into a wealthy family compound on Christmas Eve, taking everyone inside hostage, the team isn’t prepared for a surprise combatant: Santa Claus is on the grounds, and he’s about to show why this Nick is no saint.",60.0,/1XSYOP0JjjyMz1irihvWywro82r.jpg,You better watch out.,"Action, Comedy, Crime, Thriller",a53e4HHnx_s
76338,Thor: The Dark World,6.5,16359,2013-10-30,112,/4zTsF0RtO0av3YX1NaKDqGKPxYF.jpg,"Thor fights to restore order across the cosmos… but an ancient race led by the vengeful Malekith returns to plunge the universe back into darkness. Faced with an enemy that even Odin and Asgard cannot withstand, Thor must embark on his most perilous and personal journey yet, one that will reunite him with Jane Foster and force him to sacrifice everything to save us all.",60.0,/wp6OxE4poJ4G7c0U2ZIXasTSMR7.jpg,Delve into the darkness,"Action, Adventure, Fantasy",npvJ9FTgZbM
76163,The Expendables 2,6.3,6289,2012-08-08,103,/41QdmNKbwmVD7R6A7hMqMe9FYMy.jpg,"Mr. Church reunites the Expendables for what should be an easy paycheck, but when one of their men is murdered on the job, their quest for revenge puts them deep in enemy territory and up against an unexpected threat.",59.8,/4EBO8aIeP2bF1jGpwbuRS4CFMca.jpg,Back for War.,"Action, Adventure, Thriller",ip_CYHdyUBs
6479,I Am Legend,7.2,14675,2007-12-12,101,/lhVVIWKR13khBvjFz8XyZ2GM0JS.jpg,"Robert Neville is a scientist who was unable to stop the spread of the terrible virus that was incurable and man-made. Immune, Neville is now the last human survivor in what is left of New York City and perhaps the world. For three years, Neville has faithfully sent out daily radio messages, desperate to find any other survivors who might be out there. But he is not alone.",59.8,/iPDkaSdKk2jRLTM65UOEoKtsIZ8.jpg,The last man on Earth is not alone,"Drama, Science Fiction, Thriller",sFNPNT_4Qww
857,Saving Private Ryan,8.2,14658,1998-07-24,169,/bdD39MpSVhKjxarTxLSfX6baoMP.jpg,"As U.S. troops storm the beaches of Normandy, three brothers lie dead on the battlefield, with a fourth trapped behind enemy lines. Ranger captain John Miller and seven men are tasked with penetrating German-held territory and bringing the boy home.",59.7,/uqx37cS8cpHg8U35f9U5IBlrCV3.jpg,The mission is a man.,"Drama, History, War",RYExstiQlLc
1267,Meet the Robinsons,6.9,2588,2007-03-23,95,/f1xAxP0DFRGYSew9U8fhilP5itx.jpg,"Lewis, a brilliant young inventor, is keen on creating a time machine to find his mother, who abandoned him in an orphanage. Things take a turn when he meets Wilbur Robinson and his family.",59.7,/naya0zF4kT401Sx15AtwB9vpcJr.jpg,Think your family's weird?,"Animation, Comedy, Family",S396-fnLldk
35,The Simpsons Movie,7.0,7430,2007-07-25,87,/yajM2akz8QKOx0RdvN6OYaxe3GN.jpg,"After Homer accidentally pollutes the town's water supply, Springfield is encased in a gigantic dome by the EPA and the Simpsons are declared fugitives.",59.7,/s3b8TZWwmkYc2KoJ5zk77qB6PzY.jpg,See our family. And feel better about yours.,"Animation, Comedy, Family",XPG0MqIcby8
56292,Mission: Impossible - Ghost Protocol,7.1,9215,2011-12-07,133,/ih4lZkUpmSE7AP3maymiO72xJ1z.jpg,"Ethan Hunt and his team are racing against time to track down a dangerous terrorist named Hendricks, who has gained access to Russian nuclear launch codes and is planning a strike on the United States. An attempt to stop him ends in an explosion causing severe destruction to the Kremlin and the IMF to be implicated in the bombing, forcing the President to disavow them. No longer being aided by the government, Ethan and his team chase Hendricks around the globe, although they might still be too late to stop a disaster.",59.6,/psiWp3VTjznfokmGQG9uqiiknQQ.jpg,No plan. No backup. No choice.,"Action, Thriller, Adventure",7wkih9Yvxq0
425909,Ghostbusters: Afterlife,7.5,3898,2021-11-11,124,/zplzc6jxO3SK7Pa4yxVoRY5VflT.jpg,"When a single mom and her two kids arrive in a small town, they begin to discover their connection to the original Ghostbusters and the secret legacy their grandfather left behind.",59.6,/ggcBBYgnwrRAdx2vTthSAZDfrrk.jpg,Discover the past. Protect the future.,"Fantasy, Comedy, Adventure",G_ua10EMbSg
407655,A Cinderella Story: If the Shoe Fits,7.2,798,2016-08-02,92,/adM7v1IbTXRKuE4AlQ5VyM5GQpt.jpg,A contemporary musical version of the classic Cinderella story in which the servant step daughter hope to compete in a musical competition for a famous pop star.,59.4,/qtxOA6Sb8lK1PfRiwduxYVuzaEv.jpg,A magical musical treat for the dreamer in all of us.,"Comedy, Family, Fantasy, Music",797KnoCgnOY
119450,Dawn of the Planet of the Apes,7.3,10321,2014-06-26,130,/zlU8BIkgY7E6SMfD3USTWC6bchL.jpg,"A group of scientists in San Francisco struggle to stay alive in the aftermath of a plague that is wiping out humanity, while Caesar tries to maintain dominance over his community of intelligent apes.",59.3,/kScdQEwS9jPEdnO23XjGAtaoRcT.jpg,One last chance for peace.,"Science Fiction, Action, Drama, Thriller",DpSaTrW4leg
16869,Inglourious Basterds,8.2,20746,2009-08-19,153,/8pEnePgGyfUqj8Qa6d91OZQ6Aih.jpg,"In Nazi-occupied France during World War II, a group of Jewish-American soldiers known as ""The Basterds"" are chosen specifically to spread fear throughout the Third Reich by scalping and brutally killing Nazis. The Basterds, lead by Lt. Aldo Raine soon cross paths with a French-Jewish teenage girl who runs a movie theater in Paris which is targeted by the soldiers.",59.2,/7sfbEnaARXDDhKm0CZ7D7uc2sbo.jpg,Once upon a time in Nazi occupied France...,"Drama, Thriller, War",uSEDz-my7XQ
9023,Spirit: Stallion of the Cimarron,7.7,4239,2002-05-24,83,/b8hPBW0NJmiIVzvQjT3CwIpAdzl.jpg,"As a wild stallion travels across the frontiers of the Old West, he befriends a young human and finds true love with a mare.",59.1,/cUgYrz4twiJ3QgVGpRfey984NIB.jpg,Leader. Hero. Legend.,"Animation, Adventure, Comedy, Family, Drama",RPJ4EQ2Eh9I
820067,The Quintessential Quintuplets Movie,8.3,328,2022-05-20,136,/jBIMZ0AlUYuFNsKbd4L6FojWMoy.jpg,"When five lovely young girls who hate studying hire part-time tutor Futaro, he guides not only their education but also their hearts. Time spent has brought them all closer, with feelings growing within the girls and Futaro. As they finish their third year of high school and their last school festival approaches, they set their sights on what’s next. Is there a future with one of them and Futaro?",58.9,/sg7klpt1xwK1IJirBI9EHaqQwJ5.jpg,,"Animation, Comedy, Romance",maS5nHFa1o8
4258,Scary Movie 5,4.8,2607,2013-04-11,86,/kttkW0qMv4quwRH5a59gQMFrpl2.jpg,"Home with their newly-formed family, happy parents Dan and Jody are haunted by sinister, paranormal activities. Determined to expel the insidious force, they install security cameras and discover their family is being stalked by an evil dead demon.",58.9,/r2Jwo4Eoax0oOnsU5qcXv0ea0Q8.jpg,Evil is coming. Bring protection.,Comedy,-2juYFzh7MU
460458,Resident Evil: Welcome to Raccoon City,6.0,2176,2021-11-24,107,/o76ZDm8PS9791XiuieNB93UZcRV.jpg,"Once the booming home of pharmaceutical giant Umbrella Corporation, Raccoon City is now a dying Midwestern town. The company’s exodus left the city a wasteland…with great evil brewing below the surface. When that evil is unleashed, the townspeople are forever…changed…and a small group of survivors must work together to uncover the truth behind Umbrella and make it through the night.",58.8,/bArhvjRHl535XMaSh9VjInF2mSZ.jpg,Witness the beginning of evil.,"Horror, Science Fiction, Action",IQqqAWMIIAQ
62177,Brave,7.0,12591,2012-06-21,93,/qx9ts2hBYJrkIQxhryitxnLlm2u.jpg,"Brave is set in the mystical Scottish Highlands, where Mérida is the princess of a kingdom ruled by King Fergus and Queen Elinor. An unruly daughter and an accomplished archer, Mérida one day defies a sacred custom of the land and inadvertently brings turmoil to the kingdom. In an attempt to set things right, Mérida seeks out an eccentric old Wise Woman and is granted an ill-fated wish. Also figuring into Mérida’s quest — and serving as comic relief — are the kingdom’s three lords: the enormous Lord MacGuffin, the surly Lord Macintosh, and the disagreeable Lord Dingwall.",58.6,/1XAuDtMWpL0sYSFK0R6EZate2Ux.jpg,Change your fate.,"Animation, Adventure, Comedy, Family, Action, Fantasy",ohZYFFA012Y
8681,Taken,7.4,10432,2008-02-18,94,/9iQWsXwjOMGDvTDdvCnpiyR0UG3.jpg,"While vacationing with a friend in Paris, an American girl is kidnapped by a gang of human traffickers intent on selling her into forced prostitution. Working against the clock, her ex-spy father must pull out all the stops to save her. But with his best years possibly behind him, the job may be more than he can handle.",58.6,/y5Va1WXDX6nZElVirPrGxf6w99B.jpg,They took his daughter.  He'll take their lives.,"Action, Thriller",ZxKDnpiJaVc
101,Léon: The Professional,8.3,13652,1994-09-14,111,/jRJrQ72VLyEnVsvwfep8Xjlvu8c.jpg,"Léon, the top hit man in New York, has earned a rep as an effective ""cleaner"". But when his next-door neighbors are wiped out by a loose-cannon DEA agent, he becomes the unwilling custodian of 12-year-old Mathilda. Before long, Mathilda's thoughts turn to revenge, and she considers following in Léon's footsteps.",58.6,/yI6X2cCM5YPJtxMhUd3dPGqDAhw.jpg,"If you want a job done well, hire a professional.","Crime, Drama, Action",DD-6bmOY__g
818647,Through My Window,7.4,2753,2022-02-04,112,/4rsomWxlqnHt3muGYK06auhOib6.jpg,"Raquel's longtime crush on her next-door neighbor turns into something more when he starts developing feelings for her, despite his family's objections.",58.6,/6gg7fvKc1ZxP9yCczweSxIGYp4S.jpg,It all started with the Wi-Fi password...,"Drama, Romance, Comedy",_zxhK3Z-R0c
10681,WALL·E,8.1,17446,2008-06-22,98,/fK5ssgvtI43z19FoWigdlqgpLRE.jpg,"What if mankind had to leave Earth and somebody forgot to turn the last robot off? After hundreds of years doing what he was built for, WALL•E discovers a new purpose in life when he meets a sleek search robot named EVE. EVE comes to realize that WALL•E has inadvertently stumbled upon the key to the planet's future, and races back to space to report to the humans. Meanwhile, WALL•E chases EVE across the galaxy and sets into motion one of the most imaginative adventures ever brought to the big screen.",58.5,/hbhFnRzzg6ZDmm8YAmxBnQpQIPh.jpg,"After 700 years of doing what he was built for, he'll discover what he was meant for.","Animation, Family, Science Fiction",geplBr2fcZc
109418,Grown Ups 2,6.1,3920,2013-07-11,101,/7JhsJxNmdW0y4IyNrHy10cECrAz.jpg,"Lenny has relocated his family back to the small town where he and his friends grew up. This time around, the grown ups are the ones learning lessons from their kids on a day notoriously full of surprises—the last day of school.",58.4,/hT6ijOtjtYrnyDhN7VA2QWyGFAm.jpg,Just because they're a little older doesn't mean they've grown up.,Comedy,EClDbUb-bgc
760161,Orphan: First Kill,6.7,1833,2022-07-27,99,/e77LAFvZq5KteWsKxuc5nP9B6OD.jpg,"After escaping from an Estonian psychiatric facility, Leena Klammer travels to America by impersonating Esther, the missing daughter of a wealthy family. But when her mask starts to slip, she is put against a mother who will protect her family from the murderous “child” at any cost.",58.4,/pHkKbIRoCe7zIFvqan9LFSaQAde.jpg,There's always been something wrong with Esther.,"Horror, Thriller",_uX6of3vBu0
341174,Fifty Shades Darker,6.5,7259,2017-02-08,118,/9dWH18IZf0KdGx0kJaONzWcmD69.jpg,"When a wounded Christian Grey tries to entice a cautious Ana Steele back into his life, she demands a new arrangement before she will give him another chance. As the two begin to build trust and find stability, shadowy figures from Christian’s past start to circle the couple, determined to destroy their hopes for a future together.",58.4,/7CBO9GhsUeMSsWQb47WTPZnKjdj.jpg,Every fairy tale has a dark side.,"Drama, Romance",vnLqJLeTMVU
39108,Dragon Ball Z: Wrath of the Dragon,7.2,629,1995-07-15,51,/Ktn3lkVHlaLpymvp7cCIPdb65g.jpg,The Z Warriors discover an unopenable music box and are told to open it with the Dragon Balls. The contents turn out to be a warrior named Tapion who had sealed himself inside along with a monster called Hildegarn. Goku must now perfect a new technique to defeat the evil monster.,58.3,/4ybkLEVCvwQEzh7Lq1zsCmda5A4.jpg,,"Animation, Action, Science Fiction",52VKPAbEWug
626332,Flamin' Hot,8.2,400,2023-03-11,99,/yYEOYzgqPB31mkSsuPdCvXH3zHv.jpg,"The inspiring true story of Richard Montañez, the Frito Lay janitor who channeled his Mexican American heritage and upbringing to turn the iconic Flamin’ Hot Cheetos into a snack that disrupted the food industry and became a global pop culture phenomenon.",58.3,/a7KyFMPXj0iY4EoLq1PIGU1WJPw.jpg,The flavor you know. The story you don't.,"Comedy, Drama",it7sNRloq-A
214756,Ted 2,6.3,6892,2015-06-25,115,/19Pghw34YdLbjeKpwfCRTNhaItr.jpg,"Newlywed couple Ted and Tami-Lynn want to have a baby, but in order to qualify to be a parent, Ted will have to prove he's a person in a court of law.",58.2,/qMOt0uy1x49OBW0jzodgRM9waW0.jpg,"Ted is coming, again.","Comedy, Fantasy",mSG3R_2Uisw
150689,Cinderella,6.8,6679,2015-03-06,105,/uKp9bl7yfwOROeGD7BZPPmiKTSm.jpg,"When her father unexpectedly passes away, young Ella finds herself at the mercy of her cruel stepmother and her daughters. Never one to give up hope, Ella's fortunes begin to change after meeting a dashing stranger in the woods.",58.2,/j91LJmcWo16CArFOoapsz84bwxb.jpg,Midnight is just the beginning.,"Romance, Fantasy, Family, Drama",n44EWI92Tc8
9487,A Bug's Life,7.0,8541,1998-11-25,95,/hwwFyowfcbLRVmRBOkvnABBNIOs.jpg,"On behalf of ""oppressed bugs everywhere,"" an inventive ant named Flik hires a troupe of warrior bugs to defend his bustling colony from a horde of freeloading grasshoppers led by the evil-minded Hopper.",58.2,/Ah3J9OJVc2CNCuH2zMydXy9fmIC.jpg,An epic presentation of miniature proportions.,"Adventure, Animation, Comedy, Family",mE35XQFxbeo
87428,That's My Boy,5.8,1731,2012-06-14,116,/vG6JxKspnlub1Ue3xhktOtE5FVJ.jpg,"While in his teens, Donny fathered a son, Todd, and raised him as a single parent up until Todd's 18th birthday. Now, after not seeing each other for years, Todd's world comes crashing down when Donny resurfaces just before Todd's wedding.",58.1,/oVCsANNQyw1AjRhQ9edFBM8HVCq.jpg,The story of a child… and his son.,Comedy,KoWkFkWiiTc
22620,Scooby-Doo! The Mystery Begins,6.4,643,2009-09-12,82,/tgH4bAlDJjhxies1AuKZkNP5SSI.jpg,"Unjustly accused of staging a spooky practical joke complete with ghosts, Daphne, Velma, Fred and Shaggy are suspended from Coolsville High. To clear their names, they team up to solve the supernatural mystery…and head straight into nonstop laughs and adventure.",58.1,/fUbx2NFwRTmRMtwcTbzEd804WQj.jpg,The greatest mystery is how it all began.,"Mystery, Comedy, Fantasy",JXM8k0xRJ60
843794,JUNG_E,6.2,507,2023-01-12,98,/afsYFdid9pnnRd6tTrHFUbHgXJn.jpg,"On an uninhabitable 22nd-century Earth, the outcome of a civil war hinges on cloning the brain of an elite soldier to create a robot mercenary.",58.0,/z2nfRxZCGFgAnVhb9pZO87TyTX5.jpg,AI Combat Warrior Will be Unleashed.,Science Fiction,v_Jc1MYFv5g
1091,The Thing,8.0,6232,1982-06-25,109,/gl8jhRWV8k7yDEJLp51qtrV9FM0.jpg,"A team of American scientists investigate the empty, destroyed base of their Norwegian counterparts in Antarctica, only to discover a terrifying life force that can take the form of its prey.",57.9,/tzGY49kseSE9QAKk47uuDGwnSCu.jpg,Man is The Warmest Place to Hide.,"Horror, Mystery, Science Fiction",ySvzHdtCiWE
343611,Jack Reacher: Never Go Back,5.9,4489,2016-10-19,118,/ww1eIoywghjoMzRLRIcbJLuKnJH.jpg,"When Major Susan Turner is arrested for treason, ex-investigator Jack Reacher undertakes the challenging task to prove her innocence and ends up exposing a shocking conspiracy.",57.9,/cOg3UT2NYWHZxp41vpxAnVCOC4M.jpg,Justice is Coming.,"Action, Thriller",DTBcGQWmQ1c
14411,Sinbad: Legend of the Seven Seas,6.9,1874,2003-07-02,90,/1Q1tAM49hoT3Hsj2kpx8O34kG01.jpg,"The sailor of legend is framed by the goddess Eris for the theft of the Book of Peace, and must travel to her realm at the end of the world to retrieve it and save the life of his childhood friend Prince Proteus.",57.8,/mtkPe9AMiXloYPCsldSbxKuXXWJ.jpg,From the Studio that Brought you Shrek,"Family, Animation, Adventure, Comedy, Fantasy, Action",bRsdyOck9IY
303857,Dragon Ball Z: Resurrection 'F',6.8,1706,2015-04-18,93,/yWZCOzib7BipGjYJ39nrplb1Fy.jpg,"One peaceful day on Earth, two remnants of Frieza's army named Sorbet and Tagoma arrive searching for the Dragon Balls with the aim of reviving Frieza. They succeed, and Frieza subsequently seeks revenge on the Saiyans.",57.8,/soq3AxjALdBfdPAm8H7yuMmNL5Y.jpg,,"Action, Animation, Science Fiction",uRlSMA1XKYA
8355,Ice Age: Dawn of the Dinosaurs,6.7,7680,2009-06-26,94,/gkxSIlZPEwGPimQ8TEE8C52cOSO.jpg,"Times are changing for Manny the moody mammoth, Sid the motor mouthed sloth and Diego the crafty saber-toothed tiger. Life heats up for our heroes when they meet some new and none-too-friendly neighbors – the mighty dinosaurs.",57.6,/cXOLaxcNjNAYmEx1trZxOTKhK3Q.jpg,You Won't Believe Your Ice!,"Animation, Comedy, Family, Adventure",byUCa2vjDik
91314,Transformers: Age of Extinction,5.9,7581,2014-06-25,165,/wxr4Z6E83h14CogsZOzDm1vuDX3.jpg,"As humanity picks up the pieces, following the conclusion of ""Transformers: Dark of the Moon,"" Autobots and Decepticons have all but vanished from the face of the planet. However, a group of powerful, ingenious businessman and scientists attempt to learn from past Transformer incursions and push the boundaries of technology beyond what they can control - all while an ancient, powerful Transformer menace sets Earth in his cross-hairs.",57.6,/jyzrfx2WaeY60kYZpPYepSjGz4S.jpg,"This is not war, it's extinction.","Science Fiction, Action, Adventure",S30VkLn5a2o
106,Predator,7.5,7265,1987-06-12,107,/YL3GPOiDcNraIJOVDCZsoOBoDy.jpg,A team of elite commandos on a secret mission in a Central American jungle come to find themselves hunted by an extraterrestrial warrior.,57.6,/9XibNLfmUWCg0PPydmyoCl1KxvF.jpg,Soon the hunt will begin.,"Science Fiction, Action, Adventure, Thriller",SFoQL6gqhFM
4248,Scary Movie 2,5.8,4249,2001-07-04,83,/tcvPFdANexMxEsIUZnzjxBJbgkb.jpg,"While the original parodied slasher flicks like Scream, Keenen Ivory Wayans's sequel to Scary Movie takes comedic aim at haunted house movies. A group of students visit a mansion called ""Hell House,"" and murderous high jinks ensue.",57.3,/7Eb1JWK0Cb0rbfsYjwfc9g0PbQH.jpg,More merciless. More shameless.,Comedy,wsHCoKGxjLk
105864,The Good Dinosaur,6.7,5143,2015-11-14,93,/fMdtO9Vk5VG42xi6QUMlaobR44W.jpg,An epic journey into the world of dinosaurs where an Apatosaurus named Arlo makes an unlikely human friend.,57.2,/8RSkxOO80btfKjyiC5ZiTaCHIT8.jpg,Little Arms With Big Attitude,"Adventure, Animation, Family",daFnEiLEx70
204553,Cold Eyes,7.5,300,2013-07-03,119,/fsBo2qolgyW02IhR9IqeFByhM4b.jpg,"Ha Yoon-ju becomes the newest member of a unit within the Korean Police Forces Special Crime Department that specializes in surveillance activities on high-profile criminals. She teams up with Hwang Sang-jun, the veteran leader of the unit, and tries to track down James who is the cold-hearted leader of an armed criminal organization.",57.1,/77Srq9bAJkB1RE1GBAyBA9Y6ivN.jpg,Remember everything about the untraceable target.,"Adventure, Crime, Action, Thriller",SH15-Aj57fc
11970,Hercules,7.5,6823,1997-06-20,93,/26FT7NBKiGvWJBB3VG9i72LnI8S.jpg,"Bestowed with superhuman strength, a young mortal named Hercules sets out to prove himself a hero in the eyes of his father, the great god Zeus. Along with his friends Pegasus, a flying horse, and Phil, a personal trainer, Hercules is tricked by the hilarious, hotheaded villain Hades, who's plotting to take over Mount Olympus!",57.1,/qQsspacWlYn5GZxz15ZhvGqkxgh.jpg,Zero to hero!,"Animation, Family, Fantasy, Adventure, Comedy, Romance",mXRDoJqg5Oo
637649,Wrath of Man,7.7,4632,2021-04-22,119,/70AV2Xx5FQYj20labp0EGdbjI6E.jpg,"A cold and mysterious new security guard for a Los Angeles cash truck company surprises his co-workers when he unleashes precision skills during a heist. The crew is left wondering who he is and where he came from. Soon, the marksman's ultimate motive becomes clear as he takes dramatic and irrevocable steps to settle a score.",56.9,/M7SUK85sKjaStg4TKhlAVyGlz3.jpg,A one man army.,"Crime, Thriller, Action",wo1kO8m2Nik
760741,Beast,6.7,1264,2022-08-11,93,/pr5B7Hb7711QQDirAyS5P7fKjts.jpg,"A recently widowed man and his two teenage daughters travel to a game reserve in South Africa. However, their journey of healing soon turns into a fight for survival when a bloodthirsty lion starts to stalk them.",56.9,/f18rGcLlawKjNC5KRh36S0mvRlY.jpg,Fight for family.,"Thriller, Action, Horror, Adventure",oQMc7Sq36mI
78,Blade Runner,7.9,12770,1982-06-25,118,/eIi3klFf7mp3oL5EEF4mLIDs26r.jpg,"In the smog-choked dystopian Los Angeles of 2019, blade runner Rick Deckard is called out of retirement to terminate a quartet of replicants who have escaped to Earth seeking their creator for a way to extend their short life spans.",56.8,/fwhLegA6z40W0DIy6EGXhzDzlOP.jpg,Man has made his match... now it's his problem.,"Science Fiction, Drama, Thriller",qoEyZoOTtss
602223,The Forever Purge,7.0,2212,2021-06-30,103,/ciKBP3tgzUxp7sHFNZxofBXUS8k.jpg,All the rules are broken as a sect of lawless marauders decides that the annual Purge does not stop at daybreak and instead should never end as they chase a group of immigrants who they want to punish because of their harsh historical past.,56.7,/lB068qa6bQ0QKYKyC2xnYGvYjl7.jpg,The rules are broken.,"Horror, Action, Thriller",xOrXpK-rUaI
948,Halloween,7.6,4987,1978-10-24,91,/aRka9neADW1M0Zf9lF8kW2jEgXe.jpg,"Fifteen years after murdering his sister on Halloween Night 1963, Michael Myers escapes from a mental hospital and returns to the small town of Haddonfield, Illinois to kill again.",56.7,/wijlZ3HaYMvlDTPqJoTCWKFkCPU.jpg,The Night He Came Home!,"Horror, Thriller",NT0loXUv-ks
11324,Shutter Island,8.2,22318,2010-02-14,138,/2nqsOT2AqPkTW81bWaLRtjgjqVM.jpg,"World War II soldier-turned-U.S. Marshal Teddy Daniels investigates the disappearance of a patient from a hospital for the criminally insane, but his efforts are compromised by troubling visions and a mysterious doctor.",56.6,/4GDy0PHYX3VRXUtwK5ysFbg3kEx.jpg,Some places never let you go.,"Drama, Thriller, Mystery",qdPw9x9h5CY
13813,Defiance,6.8,1594,2008-12-31,137,/cwVwPnsMHrgfM0dkpAJIeU4YEQN.jpg,"Based on a true story, during World War II, four Jewish brothers escape their Nazi-occupied homeland of West Belarus in Poland and join the Soviet partisans to combat the Nazis. The brothers begin the rescue of roughly 1,200 Jews still trapped in the ghettos of Poland.",56.4,/z6yNHcQOveRuAohuejdDFQDEBSs.jpg,Freedom begins with an act of defiance,"Action, Drama, History, War",7APcuF5nNfQ
12155,Alice in Wonderland,6.6,13149,2010-03-03,108,/y8Rmadbft60Cupx6SmSvy8rHENH.jpg,"Alice, now 19 years old, returns to the whimsical world she first entered as a child and embarks on a journey to discover her true destiny.",56.3,/o0kre9wRCZz3jjSjaru7QU0UtFz.jpg,You're invited to a very important date.,"Family, Fantasy, Adventure",9POCgSRVvf0
10625,Mean Girls,7.2,7931,2004-04-30,97,/xfOB4nbbVMWC0F2v6AxwWH5BIOI.jpg,"Cady Heron is a hit with The Plastics, the A-list girl clique at her new school, until she makes the mistake of falling for Aaron Samuels, the ex-boyfriend of alpha Plastic Regina George.",56.3,/2ZkuQXvVhh45uSvkBej4S7Ix1NJ.jpg,Welcome to girl world.,Comedy,EMzEmGfTuM4
207703,Kingsman: The Secret Service,7.6,15664,2014-12-13,129,/dGXKgxWmiPRZkxphtMvBuCEeLU0.jpg,The story of a super-secret spy organization that recruits an unrefined but promising street kid into the agency's ultra-competitive training program just as a global threat emerges from a twisted tech genius.,56.3,/ay7xwXn1G9fzX9TUBlkGA584rGi.jpg,Manners maketh man.,"Crime, Comedy, Action, Adventure",Th_KrhqmHk8
497698,Black Widow,7.3,9298,2021-07-07,134,/keIxh0wPr2Ymj0Btjh4gW7JJ89e.jpg,"Natasha Romanoff, also known as Black Widow, confronts the darker parts of her ledger when a dangerous conspiracy with ties to her past arises. Pursued by a force that will stop at nothing to bring her down, Natasha must deal with her history as a spy and the broken relationships left in her wake long before she became an Avenger.",56.3,/kwB7d51AIcyzPOBOHLCEZJkmPhQ.jpg,Her world. Her secrets. Her legacy.,"Action, Adventure, Science Fiction",Fp9pNPdNwjI
739405,Operation Fortune: Ruse de Guerre,6.6,1047,2023-01-04,114,/7TdVWAO7vV9j1OLDq1hQJS3pb4U.jpg,Special agent Orson Fortune and his team of operatives recruit one of Hollywood's biggest movie stars to help them on an undercover mission when the sale of a deadly new weapons technology threatens to disrupt the world order.,56.2,/uo7vWfQUlVwueYTDRicXOJa8Oow.jpg,"In this operation, everyone has a part to play.","Action, Thriller, Comedy",WdZ-BWWQcWQ
321612,Beauty and the Beast,7.0,14871,2017-03-16,129,/m3tdSyl11fhgXPDSEt3aBctTqGP.jpg,A live-action adaptation of Disney's version of the classic tale of a cursed prince and a beautiful young woman who helps him break the spell.,56.2,/hKegSKIDep2ewJWPUQD7u0KqFIp.jpg,Be our guest.,"Family, Fantasy, Romance",hYO2Ga4WDk4
489,Good Will Hunting,8.1,11111,1997-12-05,127,/bpV8wn48s82au37QyUJ51S7X2Vf.jpg,"Will Hunting has a genius-level IQ but chooses to work as a janitor at MIT. When he solves a difficult graduate-level math problem, his talents are discovered by Professor Gerald Lambeau, who decides to help the misguided youth reach his potential. When Will is arrested for attacking a police officer, Professor Lambeau makes a deal to get leniency for him if he will get treatment from therapist Sean Maguire.",56.2,/bABCBKYBK7A5G1x0FzoeoNfuj2.jpg,"Some people can never believe in themselves, until someone believes in them.",Drama,ReIJ1lbL-Q8
337339,The Fate of the Furious,6.9,9719,2017-04-12,136,/jzdnhRhG0dsuYorwvSqPqqnM1cV.jpg,"When a mysterious woman seduces Dom into the world of crime and a betrayal of those closest to him, the crew face trials that will test them as never before.",56.1,/dImWM7GJqryWJO9LHa3XQ8DD5NH.jpg,Family no more.,"Action, Crime, Thriller",iVdIiOKBPkg
818397,Memory,6.9,1293,2022-04-28,114,/9zXPnbVpaDfTniLBuc5vgXGfzAP.jpg,"Alex, an assassin-for-hire, finds that he's become a target after he refuses to complete a job for a dangerous criminal organization. With the crime syndicate and FBI in hot pursuit, Alex has the skills to stay ahead, except for one thing: he is struggling with severe memory loss, affecting his every move. Alex must question his every action and whom he can ultimately trust.",56.1,/4Q1n3TwieoULnuaztu9aFjqHDTI.jpg,His mind is fading. His conscience is clear.,"Action, Thriller, Crime",ye63hQLDj4k
575322,Project Gemini,5.9,363,2022-01-06,98,/etP5jwlwvkNhwe7jnI2AyA6ZKrR.jpg,"After depleting Earth's resources for centuries, humankind's survival requires an exodus to outer space. An international expedition is quickly formed to find a suitable new planet, but when plans go awry, the crew is suddenly stranded without power on a strange planet, where something unimaginable lies in wait.",55.9,/rFljUdOozFEv6HDHIFpFvcYW0ec.jpg,Love over space,"Science Fiction, Horror",Gi4Pobu1PWw
9325,The Jungle Book,7.3,5809,1967-10-18,78,/mdcZu40eNYXHYfakT2IJRocKuNw.jpg,"The boy Mowgli makes his way to the man-village with Bagheera, the wise panther. Along the way he meets jazzy King Louie, the hypnotic snake Kaa and the lovable, happy-go-lucky bear Baloo, who teaches Mowgli ""The Bare Necessities"" of life and the true meaning of friendship.",55.9,/yN1kuupnPTLUprgfvC5WapgrxG4.jpg,The Jungle is JUMPIN'!,"Family, Animation, Adventure",eCOMboHkC3s
4488,Friday the 13th,6.4,2599,1980-05-09,95,/90f4YD4Je0N0ay6qBR1Zonlkzdz.jpg,Camp counselors are stalked and murdered by an unknown assailant while trying to reopen a summer camp that was the site of a child's drowning.,55.9,/HzrPn1gEHWixfMOvOehOTlHROo.jpg,"They were warned...They are doomed...And on Friday the 13th, nothing will save them.",Horror,8nYuu5jpWVs
68726,Pacific Rim,6.9,11567,2013-07-11,131,/ig7qUy7drkEFZNCK7gi0hMn1WMN.jpg,"Using massive piloted robots to combat the alien threat, earth's survivors take the fight to the invading alien force lurking in the depths of the Pacific Ocean. Nearly defenseless in the face of the relentless enemy, the forces of mankind have no choice but to turn to two unlikely heroes who now stand as earth's final hope against the mounting apocalypse.",55.8,/8wo4eN8dWKaKlxhSvBz19uvj8gA.jpg,Go Big or Go Extinct.,"Action, Science Fiction, Adventure",hQAQxQop6Io
348350,Solo: A Star Wars Story,6.6,7904,2018-05-15,135,/ojHCeDULAkQK25700fhRU75Tur2.jpg,"Through a series of daring escapades deep within a dark and dangerous criminal underworld, Han Solo meets his mighty future copilot Chewbacca and encounters the notorious gambler Lando Calrissian.",55.8,/3IGbjc5ZC5yxim5W0sFING2kdcz.jpg,Never tell him the odds.,"Science Fiction, Adventure, Action",jPEYpryMp2s
245891,John Wick,7.4,17923,2014-10-22,101,/7dzngS8pLkGJpyeskCFcjPO9qLF.jpg,Ex-hitman John Wick comes out of retirement to track down the gangsters that took everything from him.,55.7,/fZPSd91yGE9fCcCe6OoQr6E3Bev.jpg,Don't set him off.,"Action, Thriller",6r0s41Ju5XA
8869,Eight Legged Freaks,5.8,1110,2002-07-17,99,/bJO6pHIUvyOeW52G2P5YRpGv5u9.jpg,"The residents of a rural mining town discover that an unfortunate chemical spill has caused hundreds of little spiders to mutate overnight to the size of SUVs. It's then up to mining engineer Chris McCormack and Sheriff Sam Parker to mobilize an eclectic group of townspeople, including the Sheriff's young son, Mike, her daughter, Ashley, and paranoid radio announcer Harlan, into battle against the bloodthirsty eight-legged beasts.",55.7,/1hf7x6WmyXtL1MlY4eSlTbZ8Nzu.jpg,Do you hate spiders? Do you really hate spiders? Well they don't like you either.,"Action, Comedy, Horror, Thriller",yIO5x1CQ9ZQ
406759,Moonfall,6.4,2650,2022-02-03,131,/8QpzqK3nPGxpqpKqhe6QasTGBWQ.jpg,A mysterious force knocks the moon from its orbit around Earth and sends it hurtling on a collision course with life as we know it.,55.7,/odVv1sqVs0KxBXiA8bhIBlPgalx.jpg,Humanity will face the dark side of the Moon.,"Science Fiction, Adventure, Action",ivIwdQBlS10
24021,The Twilight Saga: Eclipse,6.2,8226,2010-06-23,124,/r4OqScx7hVXsG1obaJjJKJNaxHT.jpg,"Bella once again finds herself surrounded by danger as Seattle is ravaged by a string of mysterious killings and a malicious vampire continues her quest for revenge. In the midst of it all, she is forced to choose between her love for Edward and her friendship with Jacob, knowing that her decision has the potential to ignite the ageless struggle between vampire and werewolf. With her graduation quickly approaching, Bella is confronted with the most important decision of her life.",55.6,/3mFM80dPzSqoXXuC2UMvLIRWX32.jpg,It all begins... with a choice.,"Adventure, Fantasy, Drama, Romance",hZxJzhIPTTg
491926,Resistance,7.0,375,2020-03-27,120,/j3cpxU7dLdHYhD5LmFnnwcuANY.jpg,The story of mime Marcel Marceau as he works with a group of Jewish boy scouts and the French Resistance to save the lives of ten thousand orphans during World War II.,55.5,/toVGHUTezvXXtceq0rqrDyjb5Su.jpg,The best way to resist is to survive.,"War, History, Drama",B48hwisZvEI
11036,The Notebook,7.9,10629,2004-06-25,123,/qom1SZSENdmHFNZBXbtJAU0WTlC.jpg,"An epic love story centered around an older man who reads aloud to a woman with Alzheimer's. From a faded notebook, the old man's words bring to life the story about a couple who is separated by World War II, and is then passionately reunited, seven years later, after they have taken different paths.",55.5,/rNzQyW4f8B8cQeg7Dgj3n6eT5k9.jpg,Behind every great love is a great story.,"Romance, Drama",FC6biTjEyZw
564,The Mummy,6.9,8327,1999-04-16,124,/az7Sa8gJo768mv3Rz2gERDtAVBF.jpg,Dashing legionnaire Rick O'Connell stumbles upon the hidden ruins of Hamunaptra while in the midst of a battle to claim the area in 1920s Egypt. It has been over three thousand years since former High Priest Imhotep suffered a fate worse than death as a punishment for a forbidden love—along with a curse that guarantees eternal doom upon the world if he is ever awoken.,55.5,/yhIsVvcUm7QxzLfT6HW2wLf5ajY.jpg,The legend you know. The adventure you have yet to imagine.,"Adventure, Action, Fantasy",OGOBz4t7OXs
652,Troy,7.1,9376,2004-05-13,163,/qZitv5zrSXfJafGThxmvbvTsuu5.jpg,"In year 1250 B.C. during the late Bronze age, two emerging nations begin to clash. Paris, the Trojan prince, convinces Helen, Queen of Sparta, to leave her husband Menelaus, and sail with him back to Troy. After Menelaus finds out that his wife was taken by the Trojans, he asks his brother Agamemnon to help him get her back. Agamemnon sees this as an opportunity for power. They set off with 1,000 ships holding 50,000 Greeks to Troy.",55.5,/a07wLy4ONfpsjnBqMwhlWTJTcm.jpg,For passion. For honor. For destiny. For victory. For love.,"Adventure, History, War, Action",P8xLgg-MNKw
12,Finding Nemo,7.8,18061,2003-05-30,100,/h3uqFk7sZRJvLZDdLiFB9qwbL07.jpg,"Nemo, an adventurous young clownfish, is unexpectedly taken from his Great Barrier Reef home to a dentist's office aquarium. It's up to his worrisome father Marlin and a friendly but forgetful fish Dory to bring Nemo home -- meeting vegetarian sharks, surfer dude turtles, hypnotic jellyfish, hungry seagulls, and more along the way.",55.5,/ggQ6o8X5984OCh3kZi2UIJQJY5y.jpg,There are 3.7 trillion fish in the ocean. They're looking for one.,"Animation, Family",SPHfeNgogVs
573171,A Frozen Rooster,7.7,323,2022-12-14,91,/qdFrqXYH6PtyAVlegub7bpoSgro.jpg,"Follow the adventures of Toto and his family, who will have to travel to the South Pole to fulfill their promise to return a polar bear and some Spanish penguins to their home. In order to fulfill the promise, they will have to overcome some obstacles that will teach them how important teamwork is.",55.3,/Qotf3QgDqUZEW6pfQl2BPxZCRn.jpg,,"Animation, Adventure, Comedy, Family",6htlqn6yMeg
1607,A Bronx Tale,7.8,2144,1993-09-14,121,/j5VUdrnRBya3KE40t0ucAN2YqDs.jpg,"Set in the Bronx during the tumultuous 1960s, an adolescent boy is torn between his honest, working-class father and a violent yet charismatic crime boss. Complicating matters is the youngster's growing attraction - forbidden in his neighborhood - for a beautiful black girl.",55.3,/sDbO6LmLYtyqAoFTPpRcMgPSCEO.jpg,"One man lives in the neighborhood, another man owns it. A devoted father battles the local crime boss for the life of his son.","Drama, Crime",v77Dj4FhIA8
805320,Bird Box Barcelona,6.0,491,2023-07-14,124,/r1szrp9pXbJxqd1pMOI05DxEErB.jpg,"After a mysterious force decimates the world’s population, Sebastian must navigate his own survival journey through the desolate streets of Barcelona. As he forms uneasy alliances with other survivors and they try to escape the city, an unexpected and even more sinister threat grows.",55.2,/3rlU3gwaKobcdrmIBTRfyGcE6ew.jpg,Fear the ones who see.,"Thriller, Drama, Science Fiction, Horror",zdDN_mflfSY
1359,American Psycho,7.4,9797,2000-04-13,102,/bneUTWFAcVCdsb0O5UwZbJd8xqZ.jpg,"A wealthy New York investment banking executive hides his alternate psychopathic ego from his co-workers and friends as he escalates deeper into his illogical, gratuitous fantasies.",55.2,/9uGHEgsiUXjCNq8wdq4r49YL8A1.jpg,I think my mask of sanity is about to slip.,"Thriller, Drama, Crime",81mibtQWWBg
290098,The Handmaiden,8.2,3299,2016-06-01,145,/3upEZ0ltY7WwOSFVXrtiP34D48p.jpg,"In 1930s Korea, a swindler and a young woman pose as a Japanese count and a handmaiden to seduce a Japanese heiress and steal her fortune.",55.2,/8MnMGO3oALkaiavehLmsKwvBU8S.jpg,Never did they expect to get into a controversial relationship...,"Thriller, Drama, Romance",wYsdzNIcJNc
72190,World War Z,6.8,14409,2013-06-20,116,/kg2FOT2Oe5PSCgs3L4vLel6B7ck.jpg,"Life for former United Nations investigator Gerry Lane and his family seems content. Suddenly, the world is plagued by a mysterious infection turning whole human populations into rampaging mindless zombies. After barely escaping the chaos, Lane is persuaded to go on a mission to investigate this disease. What follows is a perilous trek around the world where Lane must brave horrific dangers and long odds to find answers before human civilization falls.",55.0,/1SWBSYJsnyhdNRfLI1T6RsCxAQ4.jpg,Remember Philly!,"Action, Drama, Horror, Science Fiction, Thriller",TvRCQM2HrXs
785084,The Whale,7.9,2917,2022-12-09,116,/46FRuCeAn6TrS4F1P4F9zhyCpyo.jpg,A reclusive English teacher suffering from severe obesity attempts to reconnect with his estranged teenage daughter for one last chance at redemption.,55.0,/jQ0gylJMxWSL490sy0RrPj1Lj7e.jpg,,Drama,nWiQodhMvz4
615777,Babylon,7.4,2244,2022-12-22,189,/oCKZAdUROqdlTcUOstqJ1gM8JQt.jpg,"A tale of outsized ambition and outrageous excess, tracing the rise and fall of multiple characters in an era of unbridled decadence and depravity during Hollywood's transition from silent films and to sound films in the late 1920s.",55.0,/wjOHjWCUE0YzDiEzKv8AfqHj3ir.jpg,Always make a scene.,"Drama, Comedy",OumYv1aE1VI
629176,Samaritan,6.8,1756,2022-08-25,102,/hYZ4a0JvPETdfgJJ9ZzyFufq8KQ.jpg,"Thirteen year old Sam Cleary suspects that his mysteriously reclusive neighbor Mr. Smith is actually the legendary vigilante Samaritan, who was reported dead 25 years ago. With crime on the rise and the city on the brink of chaos, Sam makes it his mission to coax his neighbor out of hiding to save the city from ruin.",54.9,/zgH8Ej50n2cvJCMJrxd4twEwSqz.jpg,25 years ago the world's greatest hero vanished.,"Action, Crime, Fantasy, Science Fiction",9FKnTxSC16E
12153,White Chicks,6.9,3505,2004-06-23,109,/di47xqYMCYpjqwnqNlO17X5qXMX.jpg,"Two FBI agent brothers, Marcus and Kevin Copeland, accidentally foil a drug bust. To avoid being fired they accept a mission escorting a pair of socialites to the Hamptons--but when the girls are disfigured in a car accident, they refuse to go. Left without options, Marcus and Kevin decide to pose as the sisters, transforming themselves from black men into rich white women.",54.9,/aHTUpo45qy9QYIOnVITGGqLoVcA.jpg,They're going deep undercover.,"Comedy, Crime",aeVkbNka9HM
953,Madagascar,6.9,10103,2005-05-25,86,/8NCftAWfkETwrbf7QwEaDH1xpus.jpg,"Alex the lion is the king of the urban jungle, the main attraction at New York's Central Park Zoo. He and his best friends—Marty the zebra, Melman the giraffe and Gloria the hippo—have spent their whole lives in blissful captivity before an admiring public and with regular meals provided for them. Not content to leave well enough alone, Marty lets his curiosity get the better of him and makes his escape—with the help of some prodigious penguins—to explore the world.",54.8,/zMpJY5CJKUufG9OTw0In4eAFqPX.jpg,Someone’s got a zoo loose.,"Family, Animation, Adventure, Comedy",fq5zU9T_Hl4
629542,The Bad Guys,7.6,1666,2022-03-17,100,/9IDJpHROaC0S1ZlIxrvzOcOX5yC.jpg,"When the Bad Guys, a crew of criminal animals, are finally caught after years of heists and being the world’s most-wanted villains, Mr. Wolf brokers a deal to save them all from prison.",54.8,/7qop80YfuO0BwJa1uXk1DXUUEwv.jpg,Good is no fun at all.,"Animation, Action, Adventure, Crime, Comedy, Family",zpDuBXB_glk
128,Princess Mononoke,8.3,7228,1997-07-12,134,/gl0jzn4BupSbL2qMVeqrjKkF9Js.jpg,"Ashitaka, a prince of the disappearing Emishi people, is cursed by a demonized boar god and must journey to the west to find a cure. Along the way, he encounters San, a young human woman fighting to protect the forest, and Lady Eboshi, who is trying to destroy it. Ashitaka must find a way to bring balance to this conflict.",54.7,/cMYCDADoLKLbB83g4WnJegaZimC.jpg,The Fate Of The World Rests On The Courage Of One Warrior.,"Adventure, Fantasy, Animation",I1dHzoRl0sQ
297762,Wonder Woman,7.2,18954,2017-05-30,141,/AaABt75ZzfMGrscUR2seabz4PEX.jpg,An Amazon princess comes to the world of Man in the grips of the First World War to confront the forces of evil and bring an end to human conflict.,54.6,/imekS7f1OuHyUP2LAiTEM0zBzUz.jpg,Power. Grace. Wisdom. Wonder.,"Action, Adventure, Fantasy",VSB4wGIdDwo
34433,Dragon Ball Z: Broly – The Legendary Super Saiyan,7.2,798,1993-03-06,70,/2GmSSCZ9WE00ti0TdwFQCYbhXuL.jpg,"While the Saiyan Paragus persuades Vegeta to rule a new planet, King Kai alerts Goku of the South Galaxy's destruction by an unknown Super Saiyan.",54.5,/6iO8TJCyLI4BiPYOvdwzPV2bhoV.jpg,,"Animation, Science Fiction, Action",mDlTYHVoUGA
475557,Joker,8.2,23425,2019-10-01,122,/hO7KbdvGOtDdeg0W4Y5nKEHeDDh.jpg,"During the 1980s, a failed stand-up comedian is driven insane and turns to a life of crime and chaos in Gotham City while becoming an infamous psychopathic crime figure.",54.5,/udDclJoHjfjb8Ekgsd4FDteOkCU.jpg,Put on a happy face.,"Crime, Thriller, Drama",-RFFRxcoKfA
244786,Whiplash,8.4,13891,2014-10-10,107,/vNXGrknx4GjWLgmuNTftWZluIUl.jpg,"Under the direction of a ruthless instructor, a talented young drummer begins to pursue perfection at any cost, even his humanity.",54.5,/7fn624j5lj3xTme2SgiLCeuedmO.jpg,The road to greatness can take you to the edge.,"Drama, Music",Q7kZy3T6vRM
348893,Boyka: Undisputed IV,7.1,1189,2016-08-01,87,/msgutegakwajb9vjC3Xgh4t7e0M.jpg,"In the fourth installment of the fighting franchise, Boyka is shooting for the big leagues when an accidental death in the ring makes him question everything he stands for. When he finds out the wife of the man he accidentally killed is in trouble, Boyka offers to fight in a series of impossible battles to free her from a life of servitude.",54.5,/7QGdIJWWTkPhVjpQ0zA6z69khod.jpg,Boyka is back!,"Action, Drama",Lo-OXY1iXVU
228967,The Interview,6.2,5370,2014-12-25,113,/3YKGMZQ0pwQXSBSASeKlfPlkso7.jpg,"Dave Skylark and his producer Aaron Rapaport run the celebrity tabloid show ""Skylark Tonight"". When they land an interview with a surprise fan, North Korean dictator Kim Jong-un, they are recruited by the CIA to turn their trip to Pyongyang into an assassination mission.",54.4,/tIDC4xT65l7a8qbgg8GvwD5g8c5.jpg,The Film Hackers Tried To Get Banned,"Action, Comedy",BJu0KYd5-_M
950,Ice Age: The Meltdown,6.7,9085,2006-03-29,91,/wRTZaxAiDP0ZEeQsO0HiiSqYCSp.jpg,"Diego, Manny and Sid return in this sequel to the hit animated movie Ice Age. This time around, the deep freeze is over, and the ice-covered earth is starting to melt, which will destroy the trio's cherished valley. The impending disaster prompts them to reunite and warn all the other beasts about the desperate situation.",54.4,/vdluBXie4qDvh0dFX2Fpq8v16it.jpg,Kiss Your Nuts Goodbye,"Animation, Family, Comedy, Adventure",SNMXO74bw9M
574982,The Blackout,6.5,392,2019-11-21,127,/4phMeITqEnShF5C3ZD0Q8YQFMAB.jpg,"Contact between most towns on Earth has been severed. A small ring-like area in Eastern Europe still has electricity, and maybe even life is being reported from space. What military forces find outside the ring is shocking.",54.2,/avl9MEQhtvokNnzoWepkmHBZ2ss.jpg,Who's going to save you when the world falls into darkness?,"Thriller, Science Fiction, Action",hrHIbnPZ96Q
68718,Django Unchained,8.2,24672,2012-12-25,165,/5Lbm0gpFDRAPIV1Cth6ln9iL1ou.jpg,"With the help of a German bounty hunter, a freed slave sets out to rescue his wife from a brutal Mississippi plantation owner.",54.2,/7oWY8VDWW7thTzWh3OKYRkWUlD5.jpg,"Life, liberty and the pursuit of vengeance.","Drama, Western",_iH0UBYDI4g
12092,Alice in Wonderland,7.2,5459,1951-07-28,75,/hWbNlp9Qq9DdnHNxn2WlVpGbSfI.jpg,"On a golden afternoon, young Alice follows a White Rabbit, who disappears down a nearby rabbit hole. Quickly following him, she tumbles into the burrow - and enters the merry, topsy-turvy world of Wonderland! Memorable songs and whimsical escapades highlight Alice's journey, which culminates in a madcap encounter with the Queen of Hearts - and her army of playing cards!",54.2,/20cvfwfaFqNbe9Fc3VEHJuPRxmn.jpg,A world of wonders in one great picture!,"Animation, Family, Fantasy, Adventure",JY2rHymtNvc
111,Scarface,8.2,10749,1983-12-09,169,/cCvp5Sni75agCtyJkNOMapORUQV.jpg,"After getting a green card in exchange for assassinating a Cuban government official, Tony Montana stakes a claim on the drug trade in Miami. Viciously murdering anyone who stands in his way, Tony eventually becomes the biggest drug lord in the state, controlling nearly all the cocaine that comes through Miami. But increased pressure from the police, wars with Colombian drug cartels and his own drug-fueled paranoia serve to fuel the flames of his eventual downfall.",54.2,/iQ5ztdjvteGeboxtmRdXEChJOHh.jpg,The world is yours...,"Action, Crime, Drama",5JfyFrJfJmI
263115,Logan,7.8,18116,2017-02-28,137,/9X7YweCJw3q8Mcf6GadxReFEksM.jpg,"In the near future, a weary Logan cares for an ailing Professor X in a hideout on the Mexican border. But Logan's attempts to hide from the world and his legacy are upended when a young mutant arrives, pursued by dark forces.",54.2,/fnbjcRDYn6YviCcePDnGdyAkYsB.jpg,His time has come.,"Action, Drama, Science Fiction",XaE_9pfybL4
10191,How to Train Your Dragon,7.8,12089,2010-03-18,98,/59vDC1BuEQvti24OMr0ZvtAK6R1.jpg,"As the son of a Viking leader on the cusp of manhood, shy Hiccup Horrendous Haddock III faces a rite of passage: he must kill a dragon to prove his warrior mettle. But after downing a feared dragon, he realizes that he no longer wants to destroy it, and instead befriends the beast – which he names Toothless – much to the chagrin of his warrior father.",54.2,/ygGmAO60t8GyqUo9xYeYxSZAR3b.jpg,One adventure will change two worlds,"Fantasy, Adventure, Animation, Family",KZtbJ_I9IFM
38,Eternal Sunshine of the Spotless Mind,8.1,13709,2004-03-19,108,/jz9Kep0xWjiA6QDHSsd43ASxNfj.jpg,"Joel Barish, heartbroken that his girlfriend underwent a procedure to erase him from her memory, decides to do the same. However, as he watches his memories of her fade away, he realises that he still loves her, and may be too late to correct his mistake.",54.1,/5MwkWH9tYHv3mV9OdYTMR5qreIz.jpg,You can erase someone from your mind. Getting them out of your heart is another story.,"Science Fiction, Drama, Romance",c2e-bj6qy8Y
135397,Jurassic World,6.7,19414,2015-06-06,124,/dF6FjTZzRTENfB4R17HDN20jLT2.jpg,"Twenty-two years after the events of Jurassic Park, Isla Nublar now features a fully functioning dinosaur theme park, Jurassic World, as originally envisioned by John Hammond.",54.1,/A0LZHXUzo5C60Oahvt7VxvwuzHw.jpg,The park is open.,"Action, Adventure, Science Fiction, Thriller",aJJrkyHas78
44251,Dragon Ball Z: Broly – Second Coming,6.7,591,1994-03-12,48,/kbI9M2m45SSwi3t5ztygAlKxUql.jpg,"A Saiyan Space pod crash-lands on Earth out of which a wounded Saiyan crawls: Broly, the Legendary Super Saiyan. The wounded Broly shouts out in frustration and turns into normal form. The place soon freezes, trapping him in it and he falls into a coma.",54.0,/wb2iJasdjB3EOhScAGe1yPzpRsv.jpg,Broly Is Back!,"Animation, Action, Science Fiction",ioU887K1Obk
373571,Godzilla: King of the Monsters,6.7,5479,2019-05-29,132,/uovH5k4BAEPqXqxgwVrTtqH169g.jpg,"Follows the heroic efforts of the crypto-zoological agency Monarch as its members face off against a battery of god-sized monsters, including the mighty Godzilla, who collides with Mothra, Rodan, and his ultimate nemesis, the three-headed King Ghidorah. When these ancient super-species, thought to be mere myths, rise again, they all vie for supremacy, leaving humanity's very existence hanging in the balance.",54.0,/fQ40gmFM4p03tXwMxQQKh2cCBW4.jpg,Long live the king.,"Science Fiction, Action",QFxN2oDKk0E
1016121,Beautiful Disaster,6.6,465,2023-04-04,96,/cJ7FSJE9uJuXH3i1vGbGVzpo7Aa.jpg,"Bad-boy Travis is exactly what college freshman Abby needs and wants to avoid. He spends his nights fighting in underground boxing matches, and his days as the ultimate college campus charmer. But Abby wants nothing to do with Travis. Intrigued by Abby’s resistance, Travis offers her a simple bet: if he loses his next fight, he must remain sex-free for a month. If he wins, Abby must live in his apartment for the same amount of time. Either way, Travis has no idea that Abby’s dark past is about to emerge, and he may have finally met his match.",54.0,/7PYB5Qg8iFigpZJxE5qjvWQ4Bea.jpg,,"Romance, Drama, Comedy",nvaenzyXl4o
76757,Jupiter Ascending,5.4,6353,2015-02-04,127,/dSPuaE2VEvTWP6LoADTL4rKNVkA.jpg,"In a universe where human genetic material is the most precious commodity, an impoverished young Earth woman becomes the key to strategic maneuvers and internal strife within a powerful dynasty…",53.9,/xzQ25m9vrdyvpLX74T3B3KB40Ou.jpg,Expand your universe.,"Science Fiction, Fantasy, Action",gQHKolIqBGs
28468,The Key,6.0,355,1983-10-19,110,/9UoAp9XEfa9u9mKNUeS2tRRYVEZ.jpg,"Art professor Nino Rolfe attempts to break down his wife Teresa's conventional modesty. Noticing her affection for their daughter's fiancé, Nino instigates her sexual interest in him - setting off a chain of unexpected events and emotional complications...",53.8,/e6g2geNLgFzMbriH6EvSJZD78nx.jpg,"TOO HOT for Italian cinemas! Judges close down all theatres screening ""THE KEY""!","Drama, Romance",ss1x2aZ58E4
2322,Sneakers,6.9,804,1992-09-09,126,/6tACgtynLjCN1U2QtEyOKz5zhlc.jpg,"When shadowy U.S. intelligence agents blackmail a reformed computer hacker and his eccentric team of security experts into stealing a code-breaking 'black box' from a Soviet-funded genius, they uncover a bigger conspiracy. Now, he and his 'sneakers' must save themselves and the world economy by retrieving the box from their blackmailers.",53.8,/l2pIGwCvpZEpBuMb55YBl6A04Jv.jpg,"We could tell you what it's about. But then, of course, we'd have to kill you.","Comedy, Crime, Drama",VNy4zC-wy_M
1102776,AKA,6.9,522,2023-04-28,122,/zh614Bixv2ePaHK8gzcUpUmcvYv.jpg,A steely special ops agent finds his morality put to the test when he infiltrates a crime syndicate and unexpectedly bonds with the boss' young son.,53.7,/3BSxAjiporlwQTWzaHZ9Yrl5C9D.jpg,,"Thriller, Action, Crime",044PUmZQd1g
454626,Sonic the Hedgehog,7.3,8901,2020-02-12,99,/stmYfCUGd8Iy6kAMBr6AmWqx8Bq.jpg,"Powered with incredible speed, Sonic The Hedgehog embraces his new home on Earth. That is, until Sonic sparks the attention of super-uncool evil genius Dr. Robotnik. Now it’s super-villain vs. super-sonic in an all-out race across the globe to stop Robotnik from using Sonic’s unique power for world domination.",53.7,/aQvJ5WPzZgYVDrxLX4R6cLJCEaQ.jpg,A whole new speed of hero.,"Action, Science Fiction, Comedy, Family",szby7ZHLnkA
539681,DC League of Super-Pets,7.3,1336,2022-07-27,105,/mzFlwK2WN5KGCgEc4ExJmooJy97.jpg,"When Superman and the rest of the Justice League are kidnapped, Krypto the Super-Dog must convince a rag-tag shelter pack - Ace the hound, PB the potbellied pig, Merton the turtle and Chip the squirrel - to master their own newfound powers and help him rescue the superheroes.",53.7,/qpPMewlugFaejXjz4YNDnpTniFX.jpg,"Sit, stay, save the world.","Animation, Action, Family, Comedy, Science Fiction",xEbpPP-_1Ig
98,Gladiator,8.2,16962,2000-05-04,155,/3ZVEtQxVPpEp5LNpAULDcxadTU3.jpg,"In the year 180, the death of emperor Marcus Aurelius throws the Roman Empire into chaos.  Maximus is one of the Roman army's most capable and trusted generals and a key advisor to the emperor.  As Marcus' devious son Commodus ascends to the throne, Maximus is set to be executed.  He escapes, but is captured by slave traders.  Renamed Spaniard and forced to become a gladiator, Maximus must battle to the death with other men for the amusement of paying audiences.",53.6,/ty8TGRuvJLPUmAR1H1nRIsgwvim.jpg,A hero will rise.,"Action, Drama, Adventure",P5ieIbInFpg
639933,The Northman,7.1,3589,2022-04-07,137,/tnXCawKBfoMYStSaabtd84MH1Lc.jpg,"Prince Amleth is on the verge of becoming a man when his father is brutally murdered by his uncle, who kidnaps the boy's mother. Two decades later, Amleth is now a Viking who's on a mission to save his mother, kill his uncle and avenge his father.",53.6,/aSSJMnHknzKjlZ6zybwD7eyJ4Po.jpg,Conquer your fate.,"Action, Adventure, Fantasy",6WrpvCmv0hk
555604,Guillermo del Toro's Pinocchio,8.2,2464,2022-11-09,117,/2JeIqOdSM5nC1SQmuhUOfj3iB1U.jpg,"During the rise of fascism in Mussolini's Italy, a wooden boy brought magically to life struggles to live up to his father's expectations.",53.6,/vx1u0uwxdlhV2MUzj4VlcMB0N6m.jpg,Love will give you life.,"Animation, Fantasy, Drama, Music",Od2NW1sfRdA
807,Se7en,8.4,19403,1995-09-22,127,/i5H7zusQGsysGQ8i6P361Vnr0n2.jpg,"Two homicide detectives are on a desperate hunt for a serial killer whose crimes are based on the ""seven deadly sins"" in this dark and haunting film that takes viewers from the tortured remains of one victim to the next. The seasoned Det. Sommerset researches each sin in an effort to get inside the killer's mind, while his novice partner, Mills, scoffs at his efforts to unravel the case.",53.5,/6yoghtyTpznpBik8EngEmJskVUO.jpg,Seven deadly sins. Seven ways to die.,"Crime, Mystery, Thriller",KPOuJGkpblk
527774,Raya and the Last Dragon,7.9,6271,2021-03-03,107,/rcUcYzGGicDvhDs58uM44tJKB9F.jpg,"Long ago, in the fantasy world of Kumandra, humans and dragons lived together in harmony. But when an evil force threatened the land, the dragons sacrificed themselves to save humanity. Now, 500 years later, that same evil has returned and it’s up to a lone warrior, Raya, to track down the legendary last dragon to restore the fractured land and its divided people.",53.5,/lPsD10PP4rgUGiGR4CCXA6iY0QQ.jpg,A quest to save her world.,"Animation, Family, Fantasy, Action, Adventure",3UFWsEY8Hdc
752623,The Lost City,6.6,2964,2022-03-24,112,/1Ds7xy7ILo8u2WWxdnkJth1jQVT.jpg,"Reclusive author Loretta Sage writes about exotic places in her popular adventure novels that feature a handsome cover model named Alan. While on tour promoting her new book with Alan, Loretta gets kidnapped by an eccentric billionaire who hopes she can lead him to the ancient city's lost treasure that featured in her latest story. Alan, determined to prove he can be a hero in real life and not just on the pages of her books, sets off to rescue her.",53.3,/neMZH82Stu91d3iqvLdNQfqPPyl.jpg,The adventure is real. The heroes are not.,"Action, Adventure, Comedy",5f9VcZqxFO4
87,Indiana Jones and the Temple of Doom,7.3,8505,1984-05-23,118,/2hMt6zKQsvYvH3ZRe8T6RzAD2XB.jpg,"After arriving in India, Indiana Jones is asked by a desperate village to find a mystical stone. He agrees – and stumbles upon a secret cult plotting a terrible plan in the catacombs of an ancient palace.",53.3,/n9WlJCilqSZ3m1ROSzv31v7KVOf.jpg,If adventure has a name... it must be Indiana Jones.,"Adventure, Action",WBdyLyijZhU
44833,Battleship,5.8,5134,2012-04-11,131,/13FUpGdCRFBcMBAk3PJ5iIY5mFw.jpg,"When mankind beams a radio signal into space, a reply comes from ‘Planet G’, in the form of several alien crafts that splash down in the waters off Hawaii. Lieutenant Alex Hopper is a weapons officer assigned to the USS John Paul Jones, part of an international naval coalition which becomes the world's last hope for survival as they engage the hostile alien force of unimaginable strength. While taking on the invaders, Hopper must also try to live up to the potential that his brother, and his fiancée's father—an Admiral—expect of him.",53.3,/9b0Im7SfedHiajTwzSL9zGyBI7M.jpg,The Battle for Earth Begins at Sea,"Thriller, Action, Adventure, Science Fiction",wvXKvbIAq2k
408,Snow White and the Seven Dwarfs,7.1,6840,1937-12-21,83,/n3pJwYuPnkw7JX7tOMbH0GRfBPn.jpg,"A beautiful girl, Snow White, takes refuge in the forest in the house of seven dwarfs to hide from her stepmother, the wicked Queen. The Queen is jealous because she wants to be known as ""the fairest in the land,"" and Snow White's beauty surpasses her own.",53.2,/9QKUh9UuIIT2ZA9Rby9R6vtNRKa.jpg,"The Happiest, Dopiest, Grumpiest, Sneeziest movie of the year.","Fantasy, Animation, Family",ZZ38rMz9U14
670,Oldboy,8.3,7790,2003-11-21,120,/sdwjQEM869JFwMytTmvr6ggvaUl.jpg,"With no clue how he came to be imprisoned, drugged and tortured for 15 years, a desperate businessman seeks revenge on his captors.",53.1,/pWDtjs568ZfOTMbURQBYuT4Qxka.jpg,"Laugh, and the world laughs with you. Weep, and you weep alone.","Drama, Thriller, Mystery, Action",tAaBkFChaRg
396422,Annabelle: Creation,6.6,5258,2017-08-03,110,/o8u0NyEigCEaZHBdCYTRfXR8U4i.jpg,"Several years after the tragic death of their little girl, a doll maker and his wife welcome a nun and several girls from a shuttered orphanage into their home, soon becoming the target of the doll maker's possessed creation—Annabelle.",53.1,/tb86j8jVCVsdZnzf8I6cIi65IeM.jpg,You don't know the real story,"Horror, Mystery, Thriller",EjZkJa6Z-SY
718789,Lightyear,7.1,3053,2022-06-15,105,/nW5fUbldp1DYf2uQ3zJTUdachOu.jpg,Legendary Space Ranger Buzz Lightyear embarks on an intergalactic adventure alongside a group of ambitious recruits and his robot companion Sox.,53.1,/b9t3w1loraDh7hjdWmpc9ZsaYns.jpg,Infinity awaits.,"Animation, Action, Adventure, Family, Science Fiction",fppZVPueuCk
57800,Ice Age: Continental Drift,6.4,7038,2012-06-27,88,/kyTlMMVWo1GffYoQctZwLqJcwaj.jpg,"Manny, Diego, and Sid embark upon another adventure after their continent is set adrift. Using an iceberg as a ship, they encounter sea creatures and battle pirates as they explore a new world.",53.1,/dfp1BZF7FxbBUyzHvMOI9t8NWDD.jpg,The End of the World is Just the Tip of the Iceberg.,"Animation, Comedy, Adventure, Family",uDvtgm2REGI
526896,Morbius,6.1,3693,2022-03-30,105,/jzWT0zd8U77fqWg5WgUfYaMzSFz.jpg,"Dangerously ill with a rare blood disorder, and determined to save others suffering his same fate, Dr. Michael Morbius attempts a desperate gamble. What at first appears to be a radical success soon reveals itself to be a remedy potentially worse than the disease.",53.0,/6JjfSchsU6daXk2AKX8EEBjO3Fm.jpg,A new Marvel legend arrives.,"Action, Science Fiction, Fantasy",wG2TjtueeSU
9502,Kung Fu Panda,7.2,10503,2008-06-04,90,/vndouqEyQqpvvk0FwIlkfceblrh.jpg,"When the Valley of Peace is threatened, lazy Po the panda discovers his destiny as the ""chosen one"" and trains to become a kung fu hero, but transforming the unsleek slacker into a brave warrior won't be easy. It's up to Master Shifu and the Furious Five -- Tigress, Crane, Mantis, Viper and Monkey -- to give it a try.",52.9,/wWt4JYXTg5Wr3xBW2phBrMKgp3x.jpg,Prepare for awesomeness.,"Action, Adventure, Animation, Family, Comedy",NRc-ze7Wrxw
560057,The Sea Beast,7.4,1256,2022-06-24,119,/wUwizGzbTk5CTiKBnE4Pq1MONwD.jpg,"In an era when terrifying beasts roamed the seas, monster hunters were celebrated heroes. None were more beloved than the great Jacob Holland. But when young Maisie Brumble stows away on his fabled ship, he's saddled with an unexpected ally. Together they embark on an epic journey into uncharted waters and make history.",52.8,/9Zfv4Ap1e8eKOYnZPtYaWhLkk0d.jpg,Hit the high seas.,"Animation, Adventure, Family, Fantasy",P-E-IGQCsPo
49444,Kung Fu Panda 2,7.0,6365,2011-05-25,91,/7BdxZXbSkUiVeCRXKD3hi9KYeWm.jpg,"Po is now living his dream as The Dragon Warrior, protecting the Valley of Peace alongside his friends and fellow kung fu masters, The Furious Five - Tigress, Crane, Mantis, Viper and Monkey. But Po’s new life of awesomeness is threatened by the emergence of a formidable villain, who plans to use a secret, unstoppable weapon to conquer China and destroy kung fu. It is up to Po and The Furious Five to journey across China to face this threat and vanquish it. But how can Po stop a weapon that can stop kung fu? He must look to his past and uncover the secrets of his mysterious origins; only then will he be able to unlock the strength he needs to succeed.",52.8,/mtqqD00vB4PGRt20gWtGqFhrkd0.jpg,Prepare for the Year of Awesomeness!,"Animation, Family",FQ63rqSRrEI
476669,The King's Man,6.8,3932,2021-12-22,131,/4OTYefcAlaShn6TGVK33UxLW9R7.jpg,"As a collection of history's worst tyrants and criminal masterminds gather to plot a war to wipe out millions, one man must race against time to stop them.",52.8,/mpOzVPDFDI15WaKV6dqpYp441rZ.jpg,Witness the bloody origin.,"Action, Adventure, Thriller",_0vKejp3rvA
1724,The Incredible Hulk,6.2,11006,2008-06-12,114,/xfBnQ4mgf1jYZsscJGJjr6ce0Ar.jpg,"Scientist Bruce Banner scours the planet for an antidote to the unbridled force of rage within him: the Hulk. But when the military masterminds who dream of exploiting his powers force him back to civilization, he finds himself coming face to face with a new, deadly foe.",52.7,/gKzYx79y0AQTL4UAk1cBQJ3nvrm.jpg,You'll like him when he's angry.,"Science Fiction, Action, Adventure",dz6eBeW19Lg
630586,Wrong Turn,6.0,973,2021-01-26,110,/6XVqVAMOsKL5C26pHesiAawuGYW.jpg,"Jen and a group of friends set out to hike the Appalachian Trail. Despite warnings to stick to the trail, the hikers stray off course—and cross into land inhabited by The Foundation, a hidden community of mountain dwellers who use deadly means to protect their way of life.",52.7,/4U1SBHmwHkNA0eHZ2n1CuiC1K1g.jpg,This land is their land.,"Horror, Thriller, Drama",rDdGpjjtq-o
189,Sin City: A Dame to Kill For,6.4,3539,2014-08-20,102,/f4KiaxSD5B8bcg5VLsvrDhaZlFu.jpg,Some of Sin City's most hard-boiled citizens cross paths with a few of its more reviled inhabitants.,52.6,/rfjgJIOhJL9RpXe5xbadnXJ9Mt2.jpg,There is no justice without sin.,"Crime, Action, Thriller",XVjDcUCui0w
592695,Pleasure,6.3,405,2021-10-08,108,/5tqkP8NNWdteskVBYPRXE6h82ts.jpg,"19-year-old Linnéa leaves her small town in Sweden and heads for Los Angeles with the aim of becoming the world's next big porn star, but the road to her goal turns out to be bumpier than she imagined.",52.5,/z3tgSCR2J7dNOq3Dz3WidOPoqnY.jpg,,Drama,knFkVoNPRHE
512195,Red Notice,6.8,5135,2021-11-04,118,/dK12GIdhGP6NPGFssK2Fh265jyr.jpg,"An Interpol-issued Red Notice is a global alert to hunt and capture the world's most wanted. But when a daring heist brings together the FBI's top profiler and two rival criminals, there's no telling what will happen.",52.5,/lAXONuqg41NwUMuzMiFvicDET9Y.jpg,Pro and cons.,"Action, Comedy, Crime",Pj0wz7zu3Ms
297802,Aquaman,6.9,12965,2018-12-07,143,/9QusGjxcYvfPD1THg6oW3RLeNn7.jpg,"Once home to the most advanced civilization on Earth, Atlantis is now an underwater kingdom ruled by the power-hungry King Orm. With a vast army at his disposal, Orm plans to conquer the remaining oceanic people and then the surface world. Standing in his way is Arthur Curry, Orm's half-human, half-Atlantean brother and true heir to the throne.",52.5,/xLPffWMhMj1l50ND3KchMjYoKmE.jpg,Home Is Calling,"Action, Adventure, Fantasy",2wcj6SrX4zw
89,Indiana Jones and the Last Crusade,7.8,9301,1989-05-24,127,/2Y7nbXrDtHwAfcTX7KBN0z40OAy.jpg,"In 1938, an art collector appeals to eminent archaeologist Dr. Indiana Jones to embark on a search for the Holy Grail. Indy learns that a medieval historian has vanished while searching for it, and the missing man is his own father, Dr. Henry Jones Sr.. He sets out to rescue his father by following clues in the old man's notebook, which his father had mailed to him before he went missing. Indy arrives in Venice, where he enlists the help of a beautiful academic, Dr. Elsa Schneider, along with Marcus Brody and Sallah. Together they must stop the Nazis from recovering the power of eternal life and taking over the world!",52.4,/npUCnxl1fqgt3aQiMQq0iJdZMZp.jpg,"The man with the hat is back. And this time, he's bringing his Dad.","Adventure, Action",DKg36LBVgfg
13183,Watchmen,7.3,8485,2009-03-04,163,/uOvNJMVy3VzEfS75hXroITSsdWY.jpg,"In a gritty and alternate 1985 the glory days of costumed vigilantes have been brought to a close by a government crackdown, but after one of the masked veterans is brutally murdered, an investigation into the killer is initiated. The reunited heroes set out to prevent their own destruction, but in doing so uncover a sinister plot that puts all of humanity in grave danger.",52.4,/aZvOkdo203bm1kpcY0A0Tn074ER.jpg,Justice is coming to all of us.  No matter what we do.,"Action, Mystery, Science Fiction",89xoXmHgG00
1369,Rambo: First Blood Part II,6.6,3512,1985-05-21,96,/iUCNrTKQZRKmKMEMIznm2UlUmEd.jpg,John Rambo is released from prison by the government for a top-secret covert mission to the last place on Earth he'd want to return - the jungles of Vietnam.,52.4,/pzPdwOitmTleVE3YPMfIQgLh84p.jpg,"What most people call hell, he calls home.","Action, Adventure, Thriller, War",TY8LVqaLHwY
9072,Little Man,5.9,1547,2006-08-31,98,/zYi0t8OJIBqJdRQp80KUW6jnc0u.jpg,"After leaving the prison, the dwarf criminal Calvin Sims joins to his moron brother Percy to steal an expensive huge diamond in a jewelry for the mobster Walken. They are chased by the police, and Calvin hides the stone in the purse of the executive Vanessa Edwards, whose husband Darryl Edwards wants to have a baby. Percy convinces Calvin to dress like a baby and be left in front of the Edwards's house to get inside the house and retrieve the diamond. Darryl and Vanessa keep Calvin for the weekend and decide to adopt him, while Walken threatens Darryl to get the stone back.",52.2,/zlmlkLVNexUciv3ffdtqHELEVgg.jpg,Big things come in small packages,"Comedy, Crime",x9STUnqrE_c
205587,The Judge,7.3,3741,2014-10-08,141,/9W02KZYKLoINpqpJ2yv8ATxR1AK.jpg,"A successful lawyer returns to his hometown for his mother's funeral only to discover that his estranged father, the town's judge, is suspected of murder.",52.2,/tefUxj4Gg9hgQNgfEYd7kJQrIlD.jpg,Defend your Honor.,Drama,ZBvK6ni97W8
624860,The Matrix Resurrections,6.5,5018,2021-12-16,147,/eNI7PtK6DEYgZmHWP9gQNuff8pv.jpg,"Plagued by strange memories, Neo's life takes an unexpected turn when he finds himself back inside the Matrix.",52.1,/8c4a8kE7PizaGQQnditMmI1xbRp.jpg,Return to the Source.,"Science Fiction, Action, Adventure",nNpvWBuTfrc
50014,The Help,8.2,7538,2011-08-09,146,/wyvUmyzqGOBDyqLHRSukGDjI7bH.jpg,"Aibileen Clark is a middle-aged African-American maid who has spent her life raising white children and has recently lost her only son; Minny Jackson is an African-American maid who has often offended her employers despite her family's struggles with money and her desperate need for jobs; and Eugenia ""Skeeter"" Phelan is a young white woman who has recently moved back home after graduating college to find out her childhood maid has mysteriously disappeared. These three stories intertwine to explain how life in Jackson, Mississippi revolves around ""the help""; yet they are always kept at a certain distance because of racial lines.",52.1,/3kmfoWWEc9Vtyuaf9v5VipRgdjx.jpg,Change begins with a whisper.,Drama,3eajzW3XW7Q
193756,Lone Survivor,7.4,3911,2013-12-24,121,/hmEbQB5UlcwobldcSDNlLZiUnmA.jpg,"Four Navy SEALs on a covert mission to neutralize a high-level Taliban operative must make an impossible moral decision in the mountains of Afghanistan that leads them into an enemy ambush. As they confront unthinkable odds, the SEALs must find reserves of strength and resilience to fight to the finish.",52.1,/zaBIrloyhGK7iNTZMb3f9SARsl8.jpg,Based on true acts of courage,"War, Action, Drama, History",0cPJ1ifjBDs
812,Aladdin,7.6,10547,1992-11-25,95,/5OeY4U2rzePxWq2rkqMajUx2gz7.jpg,"Princess Jasmine grows tired of being forced to remain in the palace, so she sneaks out into the marketplace, in disguise, where she meets street urchin Aladdin. The couple falls in love, although Jasmine may only marry a prince. After being thrown in jail, Aladdin becomes embroiled in a plot to find a mysterious lamp, with which the evil Jafar hopes to rule the land.",52.0,/fhyun1mja3WwQsYr1a3x1x9BttP.jpg,Wish granted!,"Animation, Family, Adventure, Fantasy, Romance",hPUtoa6mBLA
9732,The Lion King II: Simba's Pride,6.9,4130,1998-10-24,81,/vyOFlV1afDHb9MMwJVyON4qXbvC.jpg,"The circle of life continues for Simba, now fully grown and in his rightful place as the king of Pride Rock. Simba and Nala have given birth to a daughter, Kiara who's as rebellious as her father was. But Kiara drives her parents to distraction when she catches the eye of Kovu, the son of the evil lioness, Zira. Will Kovu steal Kiara's heart?",51.9,/sWR1x6UCMCGN9xEf8RGhPS934X0.jpg,The Circle of Life Continues...,"Family, Adventure, Animation, Action",gxrwh6WNMLU
14161,2012,5.8,11300,2009-10-10,158,/pvxmYJcgrLiYC6G2IQTn1PPNems.jpg,"Dr. Adrian Helmsley, part of a worldwide geophysical team investigating the effect on the earth of radiation from unprecedented solar storms, learns that the earth's core is heating up. He warns U.S. President Thomas Wilson that the crust of the earth is becoming unstable and that without proper preparations for saving a fraction of the world's population, the entire race is doomed. Meanwhile, writer Jackson Curtis stumbles on the same information. While the world's leaders race to build ""arks"" to escape the impending cataclysm, Curtis struggles to find a way to save his family. Meanwhile, volcanic eruptions and earthquakes of unprecedented strength wreak havoc around the world.",51.9,/zaqam2RNscH5ooYFWInV6hjx6y5.jpg,We Were Warned.,"Action, Adventure, Science Fiction",ce0N3TEcFw0
45243,The Hangover Part II,6.5,9789,2011-05-25,102,/aGmsekNU5cMOkJMpbdRutkvmVMl.jpg,"The Hangover crew heads to Thailand for Stu's wedding. After the disaster of a bachelor party in Las Vegas last year, Stu is playing it safe with a mellow pre-wedding brunch. However, nothing goes as planned and Bangkok is the perfect setting for another adventure with the rowdy group.",51.8,/jrP9zmdSUpOzzUXpEqPqg3dryUr.jpg,The Wolfpack Is Back,Comedy,ohF5ZO_zOYU
345,Eyes Wide Shut,7.5,5552,1999-07-16,159,/vYA4qUPWY0EbjpcIXAL4h4pVmTC.jpg,"After Dr. Bill Harford's wife, Alice, admits to having sexual fantasies about a man she met, Bill becomes obsessed with having a sexual encounter. He discovers an underground sexual group and attends one of their meetings -- and quickly discovers that he is in over his head.",51.8,/knEIz1eNGl5MQDbrEAVWA7iRqF9.jpg,Cruise. Kidman. Kubrick.,"Drama, Thriller, Mystery",qku0sbMkFZo
113082,Berserk: The Golden Age Arc I - The Egg of the King,7.2,439,2012-02-03,76,/v7GQxa9ZmdMZjt4JwZF54mvAiTv.jpg,"Guts, an immensely strong sword-for-hire, has little direction in his life, simply fighting one battle after the next. However, this all changes suddenly when he meets and is bested by Griffith, a beautiful and charismatic young man who leads the Band of the Hawk mercenary army. After Guts joins the Band and the relationship between the two men begins to blossom, Casca, the tough, lone swordswoman in the Band of the Hawk, struggles to accept Guts and the influence he has on the world around her.  While the two men begin to fight together, Griffith continues to rise to power, all seemingly in order to reach his mysterious, prophesied goals. What lengths will Guts and Griffith go to in order to reach these goals, and where will fate take the two men?",51.6,/vES8WAzjowrMT8gwnoEaCioZXXk.jpg,"He trusts no one, only his sword.","Action, Adventure, Fantasy, Animation",FnbwFiZf9vg
1495,Kingdom of Heaven,6.9,3772,2005-05-03,144,/kP8rK9dGS1pr0HrnmXfIi2heWjo.jpg,"After his wife dies, a blacksmith named Balian is thrust into royalty, political intrigue and bloody holy wars during the Crusades.",51.6,/uk55nBEFIQFveIiy9jvLGiVtk4h.jpg,"Be without fear in the face of your enemies. Safeguard the helpless, and do no wrong","Drama, Action, Adventure, History, War",6Z2wGCZ2fSM
8363,Superbad,7.2,6620,2007-03-20,113,/giYuvpmpZbwkT3NtX4WdNYqGhxw.jpg,Two co-dependent high school seniors are forced to deal with separation anxiety after their plan to stage a booze-soaked party goes awry.,51.5,/ek8e8txUyUwd2BNqj6lFEerJfbq.jpg,Come and get some!,Comedy,LvKvus3vCEY
600354,The Father,8.2,2781,2020-12-23,96,/h3weAFgg06GqchI2xDfufBgSFTj.jpg,"A man refuses all assistance from his daughter as he ages and, as he tries to make sense of his changing circumstances, he begins to doubt his loved ones, his own mind and even the fabric of his reality.",51.5,/pr3bEQ517uMb5loLvjFQi8uLAsp.jpg,,Drama,g0ox9ExOA1M
137113,Edge of Tomorrow,7.6,12828,2014-05-27,114,/4V1yIoAKPMRQwGBaSses8Bp2nsi.jpg,"Major Bill Cage is an officer who has never seen a day of combat when he is unceremoniously demoted and dropped into combat. Cage is killed within minutes, managing to take an alpha alien down with him. He awakens back at the beginning of the same day and is forced to fight and die again... and again - as physical contact with the alien has thrown him into a time loop.",51.4,/xjw5trHV7Mwo61P0kCTy8paEkgO.jpg,Live. Die. Repeat.,"Action, Science Fiction",eb8wTIcGLgQ
521029,Annabelle Comes Home,6.4,3196,2019-06-26,106,/dBt0DoFfbhOI4ypUfRj1uTq623M.jpg,"Determined to keep Annabelle from wreaking more havoc, demonologists Ed and Lorraine Warren bring the possessed doll to the locked artifacts room in their home, placing her “safely” behind sacred glass and enlisting a priest’s holy blessing. But an unholy night of horror awaits as Annabelle awakens the evil spirits in the room, who all set their sights on a new target—the Warrens' ten-year-old daughter, Judy, and her friends.",51.4,/qWsHMrbg9DsBY3bCMk9jyYCRVRs.jpg,Possess them all,"Horror, Mystery, Thriller",bCxm7cTpBAs
539,Psycho,8.4,9272,1960-06-22,109,/uif5fUshJrXyyDzfpzp1DLw3N0S.jpg,"When larcenous real estate clerk Marion Crane goes on the lam with a wad of cash and hopes of starting a new life, she ends up at the notorious Bates Motel, where manager Norman Bates cares for his housebound mother.",51.4,/yz4QVqPx3h1hD1DfqqQkCq3rmxW.jpg,A new—and altogether different—screen excitement!,"Horror, Drama, Thriller",D90QhegiVvo
370172,No Time to Die,7.4,5502,2021-09-29,163,/r2GAjd4rNOHJh6i6Y0FntmYuPQW.jpg,"Bond has left active service and is enjoying a tranquil life in Jamaica. His peace is short-lived when his old friend Felix Leiter from the CIA turns up asking for help. The mission to rescue a kidnapped scientist turns out to be far more treacherous than expected, leading Bond onto the trail of a mysterious villain armed with dangerous new technology.",51.3,/iUgygt3fscRoKWCV1d0C7FbM9TP.jpg,The mission that changes everything begins…,"Action, Thriller, Romance",N_gD9-Oa0fg
10195,Thor,6.8,20023,2011-04-21,115,/1wOu8rdvPxU1ObHi20VcRhfNpbo.jpg,"Against his father Odin's will, The Mighty Thor - a powerful but arrogant warrior god - recklessly reignites an ancient war. Thor is cast down to Earth and forced to live among humans as punishment. Once here, Thor learns what it takes to be a true hero when the most dangerous villain of his world sends the darkest forces of Asgard to invade Earth.",51.3,/prSfAi1xGrhLQNxVSUFh61xQ4Qy.jpg,Two worlds. One hero.,"Adventure, Fantasy, Action",uHBnrJowBZE
297556,Justice League: Throne of Atlantis,7.0,848,2015-01-13,72,/ltlPFTMRsohmi2QbbSZUkAVg7Nc.jpg,"After the events of Justice League: War, Ocean Master and Black Manta have declared a war against the surface in retaliation of the aftermath of Apokoliptian-tyrant Darkseid's planetary invasion. Queen Atlanna seeks out her other son, Ocean Master’s half-brother Arthur Curry, a half-human with aquatic powers with no knowledge of his Atlantean heritage, to restore balance.  Living with powers he doesn’t understand and seeing the danger around him, Curry takes steps to embrace his destiny, joining the Justice League, and with his new teammates he battles to save Earth from total destruction.",51.2,/iaYZA8teYeIxmR8wRrEED5wwR0u.jpg,Blood is thicker than water.,"Science Fiction, Action, Animation, Adventure",donPLB1xaBw
389,12 Angry Men,8.5,7658,1957-04-10,97,/qqHQsStV6exghCM7zbObuYBiYxw.jpg,"The defense and the prosecution have rested and the jury is filing into the jury room to decide if a young Spanish-American is guilty or innocent of murdering his father. What begins as an open and shut case soon becomes a mini-drama of each of the jurors' prejudices and preconceptions about the trial, the accused, and each other.",51.2,/ow3wq89wM8qd5X7hWKxiRfsFf9C.jpg,Life is in their hands. Death is on their minds.,Drama,TEN-2uTi2c0
1579,Apocalypto,7.6,5049,2006-12-07,139,/s8yphXScZsnvTFbSFE8rIG334vK.jpg,"Set in the Mayan civilization, when a man's idyllic presence is brutally disrupted by a violent invading force, he is taken on a perilous journey to a world ruled by fear and oppression where a harrowing end awaits him. Through a twist of fate and spurred by the power of his love for his woman and his family he will make a desperate break to return home and to ultimately save his way of life.",51.1,/cBFQsU1LDBEOl0Ik0cygeB6wCLE.jpg,No one can outrun their destiny.,"Action, Drama, History",gSw5l5jMnPM
102651,Maleficent,7.1,12477,2014-05-28,97,/xjotE7aFdZ0D8aGriYjFOtDayct.jpg,"A beautiful, pure-hearted young woman, Maleficent has an idyllic life growing up in a peaceable forest kingdom, until one day when an invading army threatens the harmony of the land.  Maleficent rises to be the land's fiercest protector, but she ultimately suffers a ruthless betrayal – an act that begins to turn her heart into stone. Bent on revenge, Maleficent faces an epic battle with the invading King's successor and, as a result, places a curse upon his newborn infant Aurora. As the child grows, Maleficent realizes that Aurora holds the key to peace in the kingdom – and to Maleficent's true happiness as well.",51.1,/bDG3yei6AJlEAK3A5wN7RwFXQ7V.jpg,Don't believe the fairy tale.,"Fantasy, Adventure, Action, Family, Romance",28U4LxdkNWI
756999,The Black Phone,7.7,4158,2022-06-22,103,/AfvIjhDu9p64jKcmohS4hsPG95Q.jpg,"Finney Blake, a shy but clever 13-year-old boy, is abducted by a sadistic killer and trapped in a soundproof basement where screaming is of little use. When a disconnected phone on the wall begins to ring, Finney discovers that he can hear the voices of the killer’s previous victims. And they are dead set on making sure that what happened to them doesn’t happen to Finney.",51.0,/lr11mCT85T1JanlgjMuhs9nMht4.jpg,Never talk to strangers.,"Horror, Thriller",nQWAVkx8O74
350,The Devil Wears Prada,7.4,11089,2006-06-29,109,/CpLAfXgSNeNRRbRzPrTuzKmIHO.jpg,"Andy moves to New York to work in the fashion industry. Her boss is extremely demanding, cruel and won't let her succeed if she doesn't fit into the high class elegant look of their magazine.",50.8,/u6QBDGUCOEMRekna95ip2MxplbQ.jpg,Meet Andy Sachs. A million girls would kill to have her job. She's not one of them.,"Comedy, Drama, Romance",t4isatjZ0BM
400160,The SpongeBob Movie: Sponge on the Run,7.5,2712,2020-08-14,95,/wu1uilmhM4TdluKi2ytfz8gidHf.jpg,"When his best friend Gary is suddenly snatched away, SpongeBob takes Patrick on a madcap mission far beyond Bikini Bottom to save their pink-shelled pal.",50.8,/jlJ8nDhMhCYJuzOw3f52CP1W8MW.jpg,They're Not in Bikini Bottom Anymore.,"Family, Animation, Fantasy, Adventure, Comedy",s4TAfaddV4w
126963,Dragon Ball Z: Battle of Gods,6.8,1392,2013-03-30,85,/pWNUpRESGnzKqweHCB77JShPZ2i.jpg,"The events of Battle of Gods take place some years after the battle with Majin Buu, which determined the fate of the entire universe. After awakening from a long slumber, Beerus, the God of Destruction is visited by Whis, his attendant and learns that the galactic overlord Frieza has been defeated by a Super Saiyan from the North Quadrant of the universe named Goku, who is also a former student of the North Kai. Ecstatic over the new challenge, Goku ignores King Kai's advice and battles Beerus, but he is easily overwhelmed and defeated. Beerus leaves, but his eerie remark of ""Is there nobody on Earth more worthy to destroy?"" lingers on. Now it is up to the heroes to stop the God of Destruction before all is lost.",50.8,/nxZEdYcHMuD8SSuwusDnK9CD2H1.jpg,,"Animation, Action, Science Fiction",MxGp3wHXtNE
877703,Teen Wolf: The Movie,7.6,678,2023-01-18,140,/96SADhPnkXnVN3KaRKsDeBovLcm.jpg,"The wolves are howling once again, as a terrifying ancient evil emerges in Beacon Hills. Scott McCall, no longer a teenager yet still an Alpha, must gather new allies and reunite trusted friends to fight back against this powerful and deadly enemy.",50.7,/wAkpPm3wcHRqZl8XjUI3Y2chYq2.jpg,The pack is back.,"Action, Fantasy, TV Movie",3NbHKvuvI5A
8871,How the Grinch Stole Christmas,6.7,6688,2000-11-15,104,/sy0vo1cmpKqwPRiMUiJ45jyLsX7.jpg,The Grinch decides to rob Whoville of Christmas - but a dash of kindness from little Cindy Lou Who and her family may be enough to melt his heart...,50.6,/1WZbbPApEivA421gCOluuzMMKCk.jpg,He puts the mean in green.,"Family, Comedy, Fantasy",UnyPPS1Z-Vs
762504,Nope,6.9,3268,2022-07-20,130,/5N8LOeRzt7LcZIhPbNVaCsVOPdT.jpg,"Residents in a lonely gulch of inland California bear witness to an uncanny, chilling discovery.",50.4,/AcKVlWaNVVVFQwro3nLXqPljcYA.jpg,What’s a bad miracle?,"Horror, Science Fiction, Mystery",fJKNxP-tjIQ
299537,Captain Marvel,6.8,14657,2019-03-06,124,/w2PMyoyLU22YvrGK3smVM9fW1jj.jpg,"The story follows Carol Danvers as she becomes one of the universe’s most powerful heroes when Earth is caught in the middle of a galactic war between two alien races. Set in the 1990s, Captain Marvel is an all-new adventure from a previously unseen period in the history of the Marvel Cinematic Universe.",50.4,/AtsgWhDnHTq68L0lLsUrCnM7TjG.jpg,Higher. Further. Faster.,"Action, Adventure, Science Fiction",GX33bIOA5aA
76492,Hotel Transylvania,7.0,8037,2012-09-20,91,/9N3KKOKpqEFe9GhHaIVHwk9N1Y.jpg,"Welcome to Hotel Transylvania, Dracula's lavish five-stake resort, where monsters and their families can live it up and no humans are allowed. One special weekend, Dracula has invited all his best friends to celebrate his beloved daughter Mavis's 118th birthday. For Dracula catering to all of these legendary monsters is no problem but the party really starts when one ordinary guy stumbles into the hotel and changes everything!",50.4,/eJGvzGrsfe2sqTUPv5IwLWXjVuR.jpg,Even monsters need a vacation,"Animation, Comedy, Family, Fantasy",Wv6dx0qKBjI
345009,Mine,6.6,1200,2016-10-06,107,/7teoHvDIKJ8IN7FdVGFM4XdaQZd.jpg,"After a failed assassination attempt, a soldier finds himself stranded in the desert. Exposed to the elements, he must survive the dangers of the desert and battle the psychological and physical toll of the treacherous conditions.",50.4,/xfQV6nTH6zpvhmdcTOoBR2Q4Z2M.jpg,Stand Your Ground,"War, Thriller",hzUj42eaHEc
601,E.T. the Extra-Terrestrial,7.5,10467,1982-06-11,115,/9Kg322bGsEbmp94LjCCVGz3cpNw.jpg,"An alien is left behind on Earth and saved by the 10-year-old Elliot who decides to keep him hidden in his home. While a task force hunts for the extra-terrestrial, Elliot, his brother, and his little sister Gertie form an emotional bond with their new friend, and try to help him find his way home.",50.3,/an0nD6uq6byfxXCfk6lQBzdL2J1.jpg,He is afraid. He is alone. He is three million light years from home.,"Science Fiction, Adventure, Family, Fantasy",NsvdZ_z56c0
13186,Wrong Turn 2: Dead End,6.1,1237,2007-08-25,96,/o2SeAw8ARPB1D8oudCRJcxW3w60.jpg,Retired military commander Colonel Dale Murphy hosts the simulated post-apocalyptic reality show where participants are challenged to survive a remote West Virginia wasteland. But the show turns into a nightmarish showdown when each realizes they are being hunted by an inbred family of cannibals determined to make them all dinner!,50.2,/g3ivyNtj5GjoZ5lHqzEIjY7Jhxt.jpg,Evil Awaits.,"Horror, Thriller",VanCRj8eI9o
333339,Ready Player One,7.6,14430,2018-03-28,140,/dbrLfmFNFEJWv8rLnjpgCKlXWSy.jpg,"When the creator of a popular video game system dies, a virtual contest is created to compete for his fortune.",50.1,/pU1ULUq8D3iRxl1fdX2lZIzdHuI.jpg,A better reality awaits.,"Adventure, Action, Science Fiction",1hrwbc5qCZ4
744,Top Gun,7.0,7710,1986-05-16,110,/jILeJ60zPpIjjJHGSmIeY4eO30t.jpg,"For Lieutenant Pete 'Maverick' Mitchell and his friend and co-pilot Nick 'Goose' Bradshaw, being accepted into an elite training school for fighter pilots is a dream come true. But a tragedy, as well as personal demons, will threaten Pete's dreams of becoming an ace pilot.",50.0,/xUuHj3CgmZQ9P2cMaqQs4J0d4Zc.jpg,Up there with the best of the best.,"Romance, Drama, Action",Klc__shdj88
614488,Street Flow,7.0,314,2019-10-12,95,/jH1f7VaYtMCyqgJRoG7lCg8krxO.jpg,"Noumouké, from the suburb of Paris, is about to decide which brother's foot steps to follow - the lawyer student Soulaymaan or the gangster Demba.",50.0,/rhOFpiEDA9S2rmuz5990KBjLgcP.jpg,,"Drama, Crime",Ui9woY0lHKA
61979,Three Steps Above Heaven,7.8,2794,2010-12-03,122,/2Mq10FWFbxoYgsZysWlw7T9wSNe.jpg,"Story of two young people who belong to different worlds. It is the chronicle of a love improbable, almost impossible but inevitable dragging in a frantic journey they discover the first great love. Babi is a girl from upper-middle class that is educated in goodness and innocence . Hache is a rebellious boy, impulsive, unconscious, has a appetite for risk and danger embodied in endless fights and illegal motorbike races, the limit of common sense",50.0,/fcFz2xEZodKOxHDn9DazxPYHDSc.jpg,Have you ever been about to touch the sky?,"Romance, Drama",pfp-OyS9Djc
429617,Spider-Man: Far From Home,7.4,14495,2019-06-28,129,/ng6SSB3JhbcpKTwbPDsRwUYK8Cq.jpg,"Peter Parker and his friends go on a summer trip to Europe. However, they will hardly be able to rest - Peter will have to agree to help Nick Fury uncover the mystery of creatures that cause natural disasters and destruction throughout the continent.",49.9,/4q2NNj4S5dG2RLF9CpXsej7yXl.jpg,It’s time to step up.,"Action, Adventure, Science Fiction",LFoz8ZJWmPs
5925,The Great Escape,7.9,2276,1963-07-03,173,/1pz4ZArUTM1jrpR6XkYuDlEQncG.jpg,"The Nazis, exasperated at the number of escapes from their prison camps by a relatively small number of Allied prisoners, relocate them to a high-security 'escape-proof' camp to sit out the remainder of the war. Undaunted, the prisoners plan one of the most ambitious escape attempts of World War II. Based on a true story.",49.9,/gBH4H8UMFxl139HaLz6lRuvsel8.jpg,Put a fence in front of these men... and they'll climb it!,"Adventure, Drama, History, Thriller, War",8No6XGbvr0w
101299,The Hunger Games: Catching Fire,7.4,16182,2013-11-15,146,/dIi0De3LzEVSQHEUlh0Q2zUpmeW.jpg,"Katniss Everdeen has returned home safe after winning the 74th Annual Hunger Games along with fellow tribute Peeta Mellark. Winning means that they must turn around and leave their family and close friends, embarking on a ""Victor's Tour"" of the districts. Along the way Katniss senses that a rebellion is simmering, but the Capitol is still very much in control as President Snow prepares the 75th Annual Hunger Games (The Quarter Quell) - a competition that could change Panem forever.",49.9,/vrQHDXjVmbYzadOXQ0UaObunoy2.jpg,Every revolution begins with a spark.,"Adventure, Action, Science Fiction",zoKj7TdJk98
460465,Mortal Kombat,7.1,5427,2021-04-07,110,/9yBVqNruk6Ykrwc32qrK2TIE5xw.jpg,"Washed-up MMA fighter Cole Young, unaware of his heritage, and hunted by Emperor Shang Tsung's best warrior, Sub-Zero, seeks out and trains with Earth's greatest champions as he prepares to stand against the enemies of Outworld in a high stakes battle for the universe.",49.8,/ybrX94xQm8lXYpZAPRmwD9iIbWP.jpg,Get over here.,"Action, Fantasy, Adventure",jBa_aHwCbC4
18,The Fifth Element,7.5,9947,1997-05-02,126,/wgvc3PmjQGtYYDWaeuV867mnFDs.jpg,"In 2257, a taxi driver is unintentionally given the task of saving a young girl who is part of the key that will ensure the survival of humanity.",49.7,/fPtlCO1yQtnoLHOwKtWz7db6RGU.jpg,There is no future without it.,"Adventure, Fantasy, Action, Thriller, Science Fiction",5Sg2RkdkSvk
404368,Ralph Breaks the Internet,7.2,6999,2018-11-20,112,/qDQEQbgP3v7B9IYLAUcYexNrVYP.jpg,"Video game bad guy Ralph and fellow misfit Vanellope von Schweetz must risk it all by traveling to the World Wide Web in search of a replacement part to save Vanellope's video game, Sugar Rush. In way over their heads, Ralph and Vanellope rely on the citizens of the internet — the netizens — to help navigate their way, including an entrepreneur named Yesss, who is the head algorithm and the heart and soul of trend-making site BuzzzTube.",49.6,/iVCrhBcpDaHGvv7CLYbK6PuXZo1.jpg,Who Broke the Internet?,"Family, Animation, Comedy, Adventure",T73h5bmD8Dc
396535,Train to Busan,7.8,6694,2016-07-20,118,/aKISIT8ir0UhHD4yRHDzpK4b6yS.jpg,"When a zombie virus pushes Korea into a state of emergency, those trapped on an express train to Busan must fight for their own survival.",49.6,/vNVFt6dtcqnI7hqa6LFBUibuFiw.jpg,Life-or-death survival begins,"Horror, Thriller, Action, Adventure",4qm59Rcq1Fw
423,The Pianist,8.4,8351,2002-09-17,150,/dVr11o9or7AS8AMPfwjSpEU83iU.jpg,"The true story of pianist Władysław Szpilman's experiences in Warsaw during the Nazi occupation. When the Jews of the city find themselves forced into a ghetto, Szpilman finds work playing in a café; and when his family is deported in 1942, he stays behind, works for a while as a laborer, and eventually goes into hiding in the ruins of the war-torn city.",49.5,/2hFvxCCWrTmCYwfy7yum0GKRi3Y.jpg,Music was his passion. Survival was his masterpiece.,"Drama, War",og9hFxxdSOg
4348,Pride & Prejudice,8.1,7394,2005-09-16,127,/pgEWI7yGYF0mM5Uf1YxSOHsBkJR.jpg,"A story of love and life among the landed English gentry during the Georgian era. Mr. Bennet is a gentleman living in Hertfordshire with his overbearing wife and five daughters, but if he dies their house will be inherited by a distant cousin whom they have never met, so the family's future happiness and security is dependent on the daughters making good marriages.",49.4,/sGjIvtVvTlWnia2zfJfHz81pZ9Q.jpg,A romance ahead of its time.,"Drama, Romance",tbW-pmLT5UU
823625,Blacklight,6.2,950,2022-02-10,104,/3VqxfyYUD23Q5G11ruSMnSU7zIL.jpg,Travis Block is a shadowy Government agent who specializes in removing operatives whose covers have been exposed. He then has to uncover a deadly conspiracy within his own ranks that reaches the highest echelons of power.,49.4,/8jIyu2UfEsCYlxg2vFUaHeALeoD.jpg,They're gonna need more men.,"Action, Thriller",k_N9pU4FMOs
495764,Birds of Prey (and the Fantabulous Emancipation of One Harley Quinn),7.0,9654,2020-02-05,108,/uozb2VeD87YmhoUP1RrGWfzuCrr.jpg,"Harley Quinn joins forces with a singer, an assassin and a police detective to help a young girl who had a hit placed on her after she stole a rare diamond from a crime lord.",49.3,/h4VB6m0RwcicVEZvzftYZyKXs6K.jpg,Mind Over Mayhem,"Action, Crime",q2u2raiIlm0
260513,Incredibles 2,7.5,12061,2018-06-14,118,/mabuNsGJgRuCTuGqjFkWe1xdu19.jpg,"Elastigirl springs into action to save the day, while Mr. Incredible faces his greatest challenge yet – taking care of the problems of his three children.",49.2,/9lFKBtaVIhP7E2Pk0IY1CwTKTMZ.jpg,It's time to get back to being incredible.,"Action, Adventure, Animation, Family",i5qOzqD9Rms
679,Aliens,7.9,8758,1986-07-18,137,/jMBpJFRtrtIXymer93XLavPwI3P.jpg,"When Ripley's lifepod is found by a salvage crew over 50 years later, she finds that terra-formers are on the very planet they found the alien species. When the company sends a family of colonists out to investigate her story—all contact is lost with the planet and colonists. They enlist Ripley and the colonial marines to return and search for answers.",49.2,/r1x5JGpyqZU8PYhbs4UcrO1Xb6x.jpg,This time it's war.,"Action, Thriller, Science Fiction",8OxirbuHsBA
38575,The Karate Kid,6.5,5545,2010-06-10,140,/9Cip74Gl1xOkRP0e4OAiPZp8C4k.jpg,"Twelve-year-old Dre Parker could have been the most popular kid in Detroit, but his mother's latest career move has landed him in China. Dre immediately falls for his classmate Mei Ying but the cultural differences make such a friendship impossible. Even worse, Dre's feelings make him an enemy of the class bully, Cheng. With no friends in a strange land, Dre has nowhere to turn but maintenance man Mr. Han, who is a kung fu master. As Han teaches Dre that kung fu is not about punches and parries, but maturity and calm, Dre realizes that facing down the bullies will be the fight of his life.",49.2,/o4gwFcm6qRgnC9Gff4giy0POHdF.jpg,A Challenge He Never Imagined. A Teacher He Never Expected.,"Action, Adventure, Drama, Family",2SmmxvHLsKk
385128,F9,7.1,6660,2021-05-19,143,/xXHZeb1yhJvnSHPzZDqee0zfMb6.jpg,Dominic Toretto and his crew battle the most skilled assassin and high-performance driver they've ever encountered: his forsaken brother.,49.0,/bOFaAXmWWXC3Rbv4u4uM9ZSzRXP.jpg,Justice is coming.,"Action, Adventure, Crime",TfJkFsCn8Zw
62,2001: A Space Odyssey,8.1,10575,1968-04-02,149,/w5IDXtifKntw0ajv2co7jFlTQDM.jpg,"Humanity finds a mysterious object buried beneath the lunar surface and sets off to find its origins with the help of HAL 9000, the world's most advanced super computer.",48.9,/ve72VxNqjGM69Uky4WTo2bK6rfq.jpg,The Ultimate Trip.,"Science Fiction, Mystery, Adventure",kR2r-A9H3Kg
661374,Glass Onion: A Knives Out Mystery,7.1,4530,2022-11-12,140,/dKqa850uvbNSCaQCV4Im1XlzEtQ.jpg,World-famous detective Benoit Blanc heads to Greece to peel back the layers of a mystery surrounding a tech billionaire and his eclectic crew of friends.,48.9,/vDGr1YdrlfbU9wxTOdpf3zChmv9.jpg,"When the game ends, the mystery begins.","Comedy, Crime, Mystery",gj5ibYSz8C0
508442,Soul,8.2,9473,2020-12-25,101,/4JNggqfyJWREqb0enzpUMbvIniV.jpg,"Joe Gardner is a middle school teacher with a love for jazz music. After a successful audition at the Half Note Club, he suddenly gets into an accident that separates his soul from his body and is transported to the You Seminar, a center in which souls develop and gain passions before being transported to a newborn child. Joe must enlist help from the other souls-in-training, like 22, a soul who has spent eons in the You Seminar, in order to get back to Earth.",48.9,/hm58Jw4Lw8OIeECIq5qyPYhAeRJ.jpg,Is all this living really worth dying for?,"Animation, Family, Comedy, Fantasy, Drama",Gs--6c7Hn_A
1124,The Prestige,8.2,14696,2006-10-19,130,/xBDE2d6HM1aBKQRu4IT7SfPD9fs.jpg,"A mysterious story of two magicians whose intense rivalry leads them on a life-long battle for supremacy -- full of obsession, deceit and jealousy with dangerous and deadly consequences.",48.8,/Ag2B2KHKQPukjH7WutmgnnSNurZ.jpg,Are You Watching Closely?,"Drama, Mystery, Science Fiction",ijXruSzfGEc
400928,Gifted,8.0,4983,2017-04-12,101,/gYtXT7fJNBRZBbBulO11DoRveLT.jpg,"Frank, a single man raising his child prodigy niece Mary, is drawn into a custody battle with his mother.",48.7,/7YB2YrMwIm1g8FyZtlvmVDfRnAT.jpg,,"Drama, Comedy",x7CAjpdRaXU
551271,Medieval,7.1,405,2022-09-08,126,/maxRhndtC4BJABvqRPvYNu69CHA.jpg,The story of 14th century Czech icon and warlord Jan Zizka who defeated armies of the Teutonic Order and the Holy Roman Empire.,48.7,/eeUNWsdoiOijOZAMaWFDA5Pb1n8.jpg,For honor. For justice. For freedom.,"Action, Drama, History",HNFk6FY5MRw
335983,Venom,6.8,14724,2018-09-28,112,/VuukZLgaCrho2Ar8Scl9HtV3yD.jpg,"Investigative journalist Eddie Brock attempts a comeback following a scandal, but accidentally becomes the host of Venom, a violent, super powerful alien symbiote. Soon, he must rely on his newfound powers to protect the world from a shadowy organization looking for a symbiote of their own.",48.6,/2uNW4WbgBXL25BAbXGLnLqX71Sw.jpg,The world has enough Superheroes.,"Science Fiction, Action",xLCn88bfW1o
109439,The Hangover Part III,6.2,8097,2013-05-23,100,/o8ZS811VjYbBi4pRYwILLdWCVey.jpg,"This time, there's no wedding. No bachelor party. What could go wrong, right? But when the Wolfpack hits the road, all bets are off.",48.6,/vtxuPWkdllLNLVyGjKYa267ntuH.jpg,It all ends.,Comedy,96TelFMZwHc
626735,Dog,7.4,1293,2022-02-17,102,/cGnaZm6EQOJESde3Vv4v53Zk4gN.jpg,An army ranger and his dog embark on a road trip along the Pacific Coast Highway to attend a friend's funeral.,48.5,/zHQy4h36WwuCetKS7C3wcT1hkgA.jpg,A filthy animal unfit for human company and a... dog.,"Drama, Comedy",JL6p4IAI23Y
625568,Unhinged,6.5,2015,2020-07-16,90,/wXk9y36eTmNl6XwEuOfw6yNNClr.jpg,A divorced mother honks impatiently at a deranged middle-aged stranger at a red light while running late on her way to work. His road rage escalates to horrifyingly psychotic proportions as he becomes single-mindedly determined to teach her a deadly lesson for provoking him.,48.5,/6WC3cIhuaLZSq3SbtdOp2ZTSTe.jpg,He can happen to anyone.,"Action, Thriller",vNJ0szhjvdM
9769,Lolita,7.1,1554,1997-09-27,137,/sGeFnrpPmlysCDWjrngoF0NGHy5.jpg,Urbane professor Humbert Humbert marries a New England widow to be near her nymphet daughter.,48.4,/9INcC14WZjCMKGE360VXmklCLdZ.jpg,A forbidden love. An unthinkable attraction. The ultimate price.,Drama,ro4ty8zWcko
335,Once Upon a Time in the West,8.3,3923,1968-12-21,166,/vmryZ1Bkko8P2utNaJeO2Yo2Bx4.jpg,"As the railroad builders advance unstoppably through the Arizona desert on their way to the sea, Jill arrives in the small town of Flagstone with the intention of starting a new life.",48.3,/qbYgqOczabWNn2XKwgMtVrntD6P.jpg,There were three men in her life. One to take her… one to love her —and one to kill her.,"Drama, Western",Yw-Av9BpC-w
420808,Peter Pan & Wendy,5.7,538,2023-04-20,106,/8HfjrSxfTVKmjNh8cJjbu5eXzcX.jpg,"Wendy Darling, a young girl afraid to leave her childhood home behind, meets Peter Pan, a boy who refuses to grow up. Alongside her brothers and a tiny fairy, Tinker Bell, she travels with Peter to the magical world of Neverland. There, she encounters an evil pirate captain, Captain Hook, and embarks on a thrilling adventure that will change her life forever.",48.3,/9NXAlFEE7WDssbXSMgdacsUD58Y.jpg,Escape to Neverland.,"Family, Fantasy, Action, Adventure",p-5sVX7MRj8
537996,The Ballad of Buster Scruggs,7.1,3684,2018-11-09,132,/90kmxuSwU28dVy1ghVSHI4x1wb8.jpg,"Vignettes weaving together the stories of six individuals in the old West at the end of the Civil War. Following the tales of a sharp-shooting songster, a wannabe bank robber, two weary traveling performers, a lone gold prospector, a woman traveling the West to an uncertain future, and a motley crew of strangers undertaking a carriage ride.",48.3,/voxl654m7p36y8FLu8oQD7dfwwK.jpg,Stories live forever. People don't.,"Western, Comedy, Drama",_2PyxzSH1HM
451048,Jungle Cruise,7.4,5199,2021-07-28,127,/7WJjFviFBffEJvkAms4uWwbcVUk.jpg,"Dr. Lily Houghton enlists the aid of wisecracking skipper Frank Wolff to take her down the Amazon in his dilapidated boat. Together, they search for an ancient tree that holds the power to heal – a discovery that will change the future of medicine.",48.3,/9dKCd55IuTT5QRs989m9Qlb7d2B.jpg,The myth is real.,"Action, Adventure, Fantasy",hJZ82pwwJqA
59440,Warrior,7.8,4179,2011-09-09,140,/1PnRPz4A4AguUEVOTcprIyctrax.jpg,"The youngest son of an alcoholic former boxer returns home, where he's trained by his father for competition in a mixed martial arts tournament – a path that puts the fighter on a collision course with his estranged, older brother.",48.2,/iM8n4nZJPR2abpnyZ36FUgHiRjr.jpg,Family is worth fighting for.,"Drama, Action",I5kzcwcQA1Q
395992,Life,6.4,6811,2017-03-22,104,/jvUKejL9uZtI0yi2aoQZ2oykRTA.jpg,"The six-member crew of the International Space Station is tasked with studying a sample from Mars that may be the first proof of extra-terrestrial life, which proves more intelligent than ever expected.",48.2,/wztfli5NgYDgurVgShNflvnyA3Z.jpg,Be careful what you search for,"Horror, Science Fiction, Mystery, Thriller",cuA-xqBw4jE
561,Constantine,7.1,6521,2005-02-08,121,/tIG8FwHRiHLOlWJdizp2oxdkSL2.jpg,"John Constantine has literally been to Hell and back. When he teams up with a policewoman to solve the mysterious suicide of her twin sister, their investigation takes them through the world of demons and angels that exists beneath the landscape of contemporary Los Angeles.",48.2,/vPYgvd2MwHlxTamAOjwVQp4qs1W.jpg,Hell wants him. Heaven won't take him. Earth needs him.,"Fantasy, Action, Horror",819JCbGfZpg
118412,Berserk: The Golden Age Arc II - The Battle for Doldrey,7.3,357,2012-06-23,98,/A34inrFSAIQNatFGc8qP5kfwDmV.jpg,"The Band of the Hawk participates in the Midland war campaign. On the bloody battlefield, they conquer decisive victories that lead them to Doldrey, an old fortress that will decide the outcome of the war.",48.2,/gzVQQaDazukAcmiFx6l9WLj1kwo.jpg,,"Action, Adventure, Drama, Fantasy, Animation",0zEbyF6NuAw
464052,Wonder Woman 1984,6.5,7835,2020-12-16,151,/egg7KFi18TSQc1s24RMmR9i2zO6.jpg,A botched store robbery places Wonder Woman in a global battle against a powerful and mysterious ancient force that puts her powers in jeopardy.,48.1,/8UlWHLMpgZm9bx6QYh0NFoq67TZ.jpg,A new era of wonder begins.,"Action, Adventure, Fantasy",EMgbWouN4wE
329865,Arrival,7.6,16564,2016-11-10,116,/5B14ls1dftgOyTSRdzV9EPCa5pR.jpg,"Taking place after alien crafts land around the world, an expert linguist is recruited by the military to determine whether they come in peace or are a threat.",48.0,/x2FJsf1ElAgr63Y3PNPtJrcmpoe.jpg,Why are they here?,"Drama, Science Fiction, Mystery",7W1m5ER3I1Y
9702,Bound by Honor,8.1,1145,1993-02-05,190,/ksdencRboJK5L17GFfRJ0UnLVVh.jpg,"Based on the true life experiences of poet Jimmy Santiago Baca, the film focuses on half-brothers Paco and Cruz, and their bi-racial cousin Miklo. It opens in 1972, as the three are members of an East L.A. gang known as the ""Vatos Locos"", and the story focuses on how a violent crime and the influence of narcotics alter their lives. Miklo is incarcerated and sent to San Quentin, where he makes a ""home"" for himself. Cruz becomes an exceptional artist, but a heroin addiction overcomes him with tragic results. Paco becomes a cop and an enemy to his ""carnal"", Miklo.",48.0,/gvP6R6juhe2IpCG7QGDgjyUvm0g.jpg,An epic story of three brothers. Bound by blood. Divided by fate. Driven by destiny.,"Crime, Action, Drama, Thriller",NMj89zgI8Yc
188927,Star Trek Beyond,6.8,6226,2016-07-07,122,/m4F1KRK5jAoQHi2mKDFE2jFKEIb.jpg,"The USS Enterprise crew explores the furthest reaches of uncharted space, where they encounter a mysterious new enemy who puts them and everything the Federation stands for to the test.",47.9,/yOnd3XQIg7JBmu0UuBjZyLdsxQD.jpg,,"Action, Adventure, Science Fiction",NwpvjQKdpvI
217,Indiana Jones and the Kingdom of the Crystal Skull,6.0,7629,2008-05-21,122,/bXH4lyFS6tctnBgxK1eYRuwekR0.jpg,"Set during the Cold War, the Soviets—led by sword-wielding Irina Spalko—are in search of a crystal skull which has supernatural powers related to a mystical Lost City of Gold. Indy is coerced to head to Peru at the behest of a young man whose friend—and Indy's colleague—Professor Oxley has been captured for his knowledge of the skull's whereabouts.",47.9,/56As6XEM1flWvprX4LgkPl8ii4K.jpg,The adventure continues . . .,"Adventure, Action",kTJy1rFBtVw
466272,Once Upon a Time… in Hollywood,7.4,12237,2019-07-24,162,/xwgBHC2FgoIrQitl8jZwXXdsR9u.jpg,"Los Angeles, 1969. TV star Rick Dalton, a struggling actor specializing in westerns, and stuntman Cliff Booth, his best friend, try to survive in a constantly changing movie industry. Dalton is the neighbor of the young and promising actress and model Sharon Tate, who has just married the prestigious Polish director Roman Polanski…",47.7,/8j58iEBw9pOXFD2L0nt0ZXeHviB.jpg,"In this town, it can all change… like that","Comedy, Drama, Thriller",vKgITiP1UMg
399579,Alita: Battle Angel,7.2,8450,2019-01-31,122,/8RKBHHRqOMOLh5qW3sS6TSFTd8h.jpg,"When Alita awakens with no memory of who she is in a future world she does not recognize, she is taken in by Ido, a compassionate doctor who realizes that somewhere in this abandoned cyborg shell is the heart and soul of a young woman with an extraordinary past.",47.7,/xRWht48C2V8XNfzvPehyClOvDni.jpg,An angel falls. A warrior rises.,"Action, Science Fiction, Adventure",puKWa8hrvA8
585245,Clifford the Big Red Dog,7.2,1618,2021-11-10,97,/1Wlwnhn5sXUIwlxpJgWszT622PS.jpg,"As Emily struggles to fit in at home and at school, she discovers a small red puppy who is destined to become her best friend. When Clifford magically undergoes one heck of a growth spurt, becomes a gigantic dog and attracts the attention of a genetics company, Emily and her Uncle Casey have to fight the forces of greed as they go on the run across New York City. Along the way, Clifford affects the lives of everyone around him and teaches Emily and her uncle the true meaning of acceptance and unconditional love.",47.6,/oifhfVhUcuDjE61V5bS5dfShQrm.jpg,Adventure has never been bigger.,"Family, Adventure, Comedy, Fantasy",PsE3aHTkQYk
270946,Penguins of Madagascar,6.5,3818,2014-11-22,92,/msnknPOg9dx86b0YozXOFP8PgBI.jpg,"Skipper, Kowalski, Rico and Private join forces with undercover organization The North Wind to stop the villainous Dr. Octavius Brine from destroying the world as we know it.",47.6,/dXbpNrPDZDMEbujFoOxmMNQVMHa.jpg,The movie event that will blow their cover,"Family, Animation, Adventure, Comedy",BjfID263ViI
1010818,Groot's First Steps,7.0,303,2022-08-10,6,/9bColKVEAaWfmOLiLZoUhdYfevy.jpg,"Following the events of “Guardians of the Galaxy Vol. 1,” Baby Groot is finally ready to try taking his first steps out of his pot—only to learn you have to walk before you can run.",47.5,/1ifiV9ZJD4tC3tRYcnLIzH0meaB.jpg,,"Animation, Family, Comedy, Science Fiction",
205596,The Imitation Game,8.0,15973,2014-11-14,113,/caQp2MhwfrTYGqVr7d9ayn8tqQ7.jpg,"Based on the real life story of legendary cryptanalyst Alan Turing, the film portrays the nail-biting race against time by Turing and his brilliant team of code-breakers at Britain's top-secret Government Code and Cypher School at Bletchley Park, during the darkest days of World War II.",47.5,/zSqJ1qFq8NXFfi7JeIYMlzyR0dx.jpg,The true enigma was the man who cracked the code.,"History, Drama, Thriller, War",j2jRs4EAvWM
920,Cars,6.9,12906,2006-06-08,117,/sd4xN5xi8tKRPrJOWwNiZEile7f.jpg,"Lightning McQueen, a hotshot rookie race car driven to succeed, discovers that life is about the journey, not the finish line, when he finds himself unexpectedly detoured in the sleepy Route 66 town of Radiator Springs. On route across the country to the big Piston Cup Championship in California to compete against two seasoned pros, McQueen gets to know the town's offbeat characters.",47.4,/abW5AzHDaIK1n9C36VdAeOwORRA.jpg,Ahhh... it's got that new movie smell.,"Animation, Adventure, Comedy, Family",XszNWHhpaTc
20352,Despicable Me,7.2,14147,2010-07-08,95,/euCnMxNRlHNxA4f9BMnWbmxPOse.jpg,"Villainous Gru lives up to his reputation as a despicable, deplorable and downright unlikable guy when he hatches a plan to steal the moon from the sky. But he has a tough time staying on task after three orphans land in his care.",47.4,/b1BT309QWjtFUlJPLmXmrcHOWEL.jpg,Superbad. Superdad.,"Family, Animation, Comedy",zzCZ1W_CUoI
71672,Wrong Turn 4: Bloody Beginnings,5.7,988,2011-10-17,93,/3IJ1YlepPnmo9tUpphjsPyRWrAJ.jpg,"A group of friends take refuge in a deserted sanatorium after they are left stranded in a snowstorm. Later, the place becomes a death trap when man-eating cannibals surround them.",47.4,/r1JNXwJkKO696NlGTyqkw96yoT9.jpg,Frost Is Not The Only Thing That Bites In the Snow!,"Horror, Thriller",fulKeIZM2-s
343668,Kingsman: The Golden Circle,7.0,9560,2017-09-20,141,/eVHVwP71el20fofkCHo78ebQv7Q.jpg,"When an attack on the Kingsman headquarters takes place and a new villain rises, Eggsy and Merlin are forced to work together with the American agency known as the Statesman to save the world.",47.4,/34xBL6BXNYFqtHO9zhcgoakS4aP.jpg,Reports of my death have been greatly exaggerated.,"Action, Adventure, Comedy",0fvqnGmr9S8
136797,Need for Speed,6.4,4047,2014-03-12,132,/xzumXN51mv3982r43qxvNbmArZS.jpg,"The film revolves around a local street-racer who partners with a rich and arrogant business associate, only to find himself framed by his colleague and sent to prison. After he gets out, he joins a New York-to-Los Angeles race to get revenge. But when the ex-partner learns of the scheme, he puts a massive bounty on the racer's head, forcing him to run a cross-country gauntlet of illegal racers in all manner of supercharged vehicles.",47.3,/z42kyMizgDKetejusZgucSQsQ4l.jpg,For honor. For love. For redemption.,"Action, Crime, Drama, Thriller",e73J71RZRn8
8922,Jeepers Creepers,6.4,2713,2001-07-01,90,/imYymwc08RsEx3ZmWepkGzaE2Rw.jpg,A brother and sister driving home through an isolated countryside from college encounter a flesh-eating creature in the midst of its ritualistic eating spree.,47.3,/g410Y1U1ELbmJG14Zru3UAimm1G.jpg,What's eating you?,"Horror, Thriller, Mystery",ACMqG1WdPQk
72570,The Vow,7.2,3794,2012-02-05,104,/a8IFeO1BMn4QEfLsf41Ml7LodyC.jpg,"Happy young married couple Paige and Leo are, well, happy. Then a car accident puts Paige into a life-threatening coma. Upon awakening she has lost the previous five years of memories, including those of her beloved Leo, her wedding, a confusing relationship with her parents, or the ending of her relationship with her ex-fiance. Despite these complications, Leo endeavors to win her heart again and rebuild their marriage.",47.3,/qHNjcjKa6VHJsa0Eu0DHl2BaYw3.jpg,,"Drama, Romance",PcL24s-S6ns
181808,Star Wars: The Last Jedi,6.8,14312,2017-12-13,152,/5Iw7zQTHVRBOYpA0V6z0yypOPZh.jpg,"Rey develops her newly discovered abilities with the guidance of Luke Skywalker, who is unsettled by the strength of her powers. Meanwhile, the Resistance prepares to do battle with the First Order.",47.2,/kOVEVeg59E0wsnXmF9nrh6OmWII.jpg,Darkness rises... and light to meet it,"Adventure, Action, Science Fiction",Q0CbN8sfihY
440,Aliens vs Predator: Requiem,5.2,2588,2007-12-25,94,/y8yvIrmoM2PLuJcSto7OmOfsXQj.jpg,"The iconic creatures from two of the scariest film franchises in movie history wage their most brutal battle ever—in our own backyard. The small town of Gunnison, Colorado becomes a war zone between two of the deadliest extra-terrestrial life forms—the Alien and the Predator. When a Predator scout ship crash-lands in the hills outside the town, Alien Facehuggers and a hybrid Alien/Predator are released and begin to terrorize the town.",47.2,/jCyJN1vj8jqJJ0vNw4hDH2KlySO.jpg,"In space, no one can hear you scream. On Earth, it won't matter.","Fantasy, Action, Science Fiction, Thriller, Horror",XbTWLrZLYmU
9902,Wrong Turn,6.3,2426,2003-05-30,84,/qjdInV140rRUqcuEIBUmjylHaZ9.jpg,"Chris crashes into a carload of other young people, and the group of stranded motorists is soon lost in the woods of West Virginia, where they're hunted by three cannibalistic mountain men who are grossly disfigured by generations of inbreeding.",47.1,/12G5V0dTmljnv7RFMT144dJ2chh.jpg,It's the last one you'll ever take.,"Horror, Thriller",_WqHuwZcENM
82675,Taken 2,6.3,6201,2012-09-27,91,/m4c1V53pQ4Z1Jk6rC0Ve3OTcWqW.jpg,"In Istanbul, retired CIA operative Bryan Mills and his wife are taken hostage by the father of a kidnapper Mills killed while rescuing his daughter.",47.0,/yzAlcuJhpnxRPjaj7AHBRbNPQCJ.jpg,First they took his daughter. Now they're coming for him.,"Action, Crime, Thriller",u48UrWtCn5E
38365,Grown Ups,6.4,5577,2010-06-24,102,/wHmhObk0WNb5fL4Y5x4XWUhpLZ4.jpg,"After their high school basketball coach passes away, five good friends and former teammates reunite for a Fourth of July holiday weekend.",46.9,/cQGM5k1NtU85n4TUlrOrwijSCcm.jpg,Boys will be boys. . . some longer than others.,Comedy,1m-NrYetgOU
770,Gone with the Wind,8.0,3691,1939-12-15,238,/ft8WRF2xqEwwGWa59naDUybKTAx.jpg,The spoiled daughter of a Georgia plantation owner conducts a tumultuous romance with a cynical profiteer during the American Civil War and Reconstruction Era.,46.8,/lNz2Ow0wGCAvzckW7EOjE03KcYv.jpg,The greatest romance of all time!,"Drama, War, Romance",0dTsfsr6-X8
1893,Star Wars: Episode I - The Phantom Menace,6.5,13550,1999-05-19,136,/wDe8LzwuvHYYiuwyNfxdYQq8ti4.jpg,"Anakin Skywalker, a young slave strong with the Force, is discovered on Tatooine. Meanwhile, the evil Sith have returned, enacting their plot for revenge against the Jedi.",46.8,/6wkfovpn7Eq8dYNKaG5PY3q2oq6.jpg,Every generation has a legend. Every journey has a first step. Every saga has a beginning.,"Adventure, Action, Science Fiction",J3kyYFHdRsM
18491,Neon Genesis Evangelion: The End of Evangelion,8.3,1379,1997-07-19,87,/AfyuI3glMCBDFmNPj9PY6DwbgGp.jpg,"The second of two theatrically released follow-ups to the Neon Genesis Evangelion series. Comprising of two alternate episodes which were first intended to take the place of episodes 25 and 26, this finale answers many of the questions surrounding the series, while also opening up some new possibilities.",46.8,/j6G24dqI4WgUtChhWjfnI4lnmiK.jpg,The fate of destruction is also the joy of rebirth,"Animation, Science Fiction, Action, Drama",J8t48KMGCo4
828,The Day the Earth Stood Still,7.5,989,1951-09-28,92,/gdbiItlBZ5Fdr5tRnlrozkbKknW.jpg,An alien and a robot land on Earth after World War II and tell mankind to be peaceful or face destruction.,46.7,/x2DquTpLTq54aPFDnqlwY7apCC3.jpg,From out of space... A warning and an ultimatum,"Drama, Science Fiction, Thriller",sU_wBld7FPo
1370,Rambo III,6.2,2868,1988-05-24,102,/nEuPSz6LhmrtYp7K56dbsmomuqA.jpg,"Combat has taken its toll on Rambo, but he's finally begun to find inner peace in a monastery. When Rambo's friend and mentor Col. Trautman asks for his help on a top secret mission to Afghanistan, Rambo declines but must reconsider when Trautman is captured.",46.7,/1eSQvGuD25ezKaiaQsyDDG3e9iN.jpg,The first was for himself. The second for his country. This time it's to save his friend.,"Action, Adventure, Thriller, War",SMLUwNSVX5Y
346910,The Predator,5.6,4266,2018-09-05,107,/zGHdS1eLaU5wdYCJ6vY9QfQGCTo.jpg,"When a young boy accidentally triggers the universe's most lethal hunters' return to Earth, only a ragtag crew of ex-soldiers and a disgruntled scientist can prevent the end of the human race.",46.6,/wMq9kQXTeQCHUZOG4fAe5cAxyUA.jpg,The hunt has evolved.,"Science Fiction, Action, Adventure",50_Ala5BKBo
38700,Bad Boys for Life,7.1,7570,2020-01-15,124,/4J1Vu6oGzt60fakP4delEPDqEhI.jpg,"Marcus and Mike are forced to confront new threats, career changes, and midlife crises as they join the newly created elite team AMMO of the Miami police department to take down the ruthless Armando Armas, the vicious leader of a Miami drug cartel.",46.6,/y95lQLnuNKdPAzw9F9Ab8kJ80c3.jpg,Ride together. Die together.,"Thriller, Action, Crime",R228yPrwqTo
82690,Wreck-It Ralph,7.3,11546,2012-11-01,101,/ziC23LkMYj8gToQQYQGWSGJCLNF.jpg,"Wreck-It Ralph is the 9-foot-tall, 643-pound villain of an arcade video game named Fix-It Felix Jr., in which the game's titular hero fixes buildings that Ralph destroys. Wanting to prove he can be a good guy and not just a villain, Ralph escapes his game and lands in Hero's Duty, a first-person shooter where he helps the game's hero battle against alien invaders. He later enters Sugar Rush, a kart racing game set on tracks made of candies, cookies and other sweets. There, Ralph meets Vanellope von Schweetz who has learned that her game is faced with a dire threat that could affect the entire arcade, and one that Ralph may have inadvertently started.",46.6,/zWoIgZ7mgmPkaZjG0102BSKFIqQ.jpg,The story of a regular guy just looking for a little wreck-ognition.,"Family, Animation, Comedy, Adventure",87E6N7ToCxs
210577,Gone Girl,7.9,17381,2014-10-01,149,/h2JaQWLKhapm7AuSViJwGiv8ngC.jpg,"With his wife's disappearance having become the focus of an intense media circus, a man sees the spotlight turned on him when it's suspected that he may not be innocent.",46.6,/qymaJhucquUwjpb8oiqynMeXnID.jpg,You don't know what you've got 'til it's...,"Mystery, Thriller, Drama",2-_-1nJf8Vg
774752,The Guardians of the Galaxy Holiday Special,7.2,1625,2022-11-25,45,/nJbWAc8wakV3BncyF4643SyFWPr.jpg,"On a mission to make Christmas unforgettable for Quill, the Guardians head to Earth in search of the perfect present.",46.5,/8dqXyslZ2hv49Oiob9UjlGSHSTR.jpg,The perfect present is a galaxy away.,"Comedy, Science Fiction, Adventure",OYhFFQl4fLs
705996,Decision to Leave,7.4,894,2022-06-29,138,/uUXgaOxPsr0jsBhGnkyIgw0g2ge.jpg,"From a mountain peak in South Korea, a man plummets to his death. Did he jump, or was he pushed? When detective Hae-joon arrives on the scene, he begins to suspect the dead man’s wife Seo-rae. But as he digs deeper into the investigation, he finds himself trapped in a web of deception and desire.",46.5,/N0rskx91Eh6aWjvBybeY6epNic.jpg,"The Closer You Look, The Harder You Fall.","Thriller, Mystery, Romance",xL5bU-M_qEg
568620,Snake Eyes: G.I. Joe Origins,6.5,1397,2021-07-22,121,/2OFg5p9yarI5zZsUWKCRgBgPctj.jpg,"After saving the life of their heir apparent, tenacious loner Snake Eyes is welcomed into an ancient Japanese clan called the Arashikage where he is taught the ways of the ninja warrior. But, when secrets from his past are revealed, Snake Eyes' honor and allegiance will be tested – even if that means losing the trust of those closest to him.",46.5,/uIXF0sQGXOxQhbaEaKOi2VYlIL0.jpg,Every warrior has a beginning.,"Action, Adventure",Vd2sm63Xwfw
943930,Tin & Tina,6.0,302,2023-03-24,119,/fUUEyB2WI8BqHgBIL0c17DNKmYL.jpg,"After a traumatic miscarriage, Lola and her husband Adolfo adopt Tin and Tina, a lovely albino brother and sister with an ultra-catholic education that makes them interpret Holy Bible verbatim.",46.4,/iIrXgFnYbrybAu9h3tUgPbnhBqo.jpg,,"Horror, Thriller, Mystery",k4-LxtbLfVA
8392,My Neighbor Totoro,8.1,7124,1988-04-16,86,/fxYazFVeOCHpHwuqGuiqcCTw162.jpg,"Two sisters move to the country with their father in order to be closer to their hospitalized mother, and discover the surrounding trees are inhabited by Totoros, magical spirits of the forest. When the youngest runs away from home, the older sister seeks help from the spirits to find her.",46.4,/rtGDOeG9LzoerkDGZF9dnVeLppL.jpg,,"Fantasy, Animation, Family",_nv94fL_IA8
228326,The Book of Life,7.5,2444,2014-10-01,95,/nlG452icactoT6hbqECbSEVfGII.jpg,"The journey of Manolo, a young man who is torn between fulfilling the expectations of his family and following his heart. Before choosing which path to follow, he embarks on an incredible adventure that spans three fantastical worlds where he must face his greatest fears.",46.4,/aotTZos5KswgCryEzx2rlOjFsm1.jpg,A blast of fun.,"Animation, Adventure, Comedy, Family, Fantasy",_i69CJc1BgE
632727,Texas Chainsaw Massacre,5.2,1243,2022-02-18,83,/aTSA5zMWlVFTYBIZxTCMbLkfOtb.jpg,"After nearly 50 years of hiding, Leatherface returns to terrorize a group of idealistic influencers who accidentally disrupt his carefully shielded world in a remote Texas town.",46.3,/7sKiGNWFM15WNyY7LYd5vmb3brO.jpg,The face of madness returns.,"Horror, Thriller",zcI6SFiK_yk
93456,Despicable Me 2,6.9,10523,2013-06-26,98,/4UvNG6JFaSzMLUXUsq62VcVjNhP.jpg,Gru is recruited by the Anti-Villain League to help deal with a powerful new super criminal.,46.3,/5Fh4NdoEnCjCK9wLjdJ9DJNFl2b.jpg,Back 2 Work,"Animation, Comedy, Family",EK3j98PHaGM
9757,Norbit,5.6,2100,2007-02-08,102,/iWxqpJorA1YQ27FrJfpMhMmfCah.jpg,"A mild-mannered guy who is engaged to a monstrous woman meets the woman of his dreams, and schemes to find a way to be with her.",46.3,/adBqvVwyzHgDzZJnNCqe8RWImxV.jpg,Have You Ever Made A Really Big Mistake?,Comedy,HFIdZpc2L6w
